texto,label,fonte,data_coleta
Corte Suprema rejeita ação contra política governamental,verdadeiro,TSE,2022-10-13
STF confirma validade de decreto presidencial,verdadeiro,Agência Brasil,2024-08-17
Taxa de desocupação cai,verdadeiro,Lupa,2022-08-20
STF determina cumprimento de decisão anterior,verdadeiro,Fato ou Fake,2024-02-05
"Suposto namorado americano de Dilma desmente aventura amorosa: "" Me and Dilma? Never! "". .",falso,Fake.br-Corpus,2026-05-24
Atitude de Lula confirma diagnóstico de transtorno incurável. O petista abandonou Dilma e elogiou Temer. .,falso,Fake.br-Corpus,2026-05-24
"General que chamou governo Dilma de corrupto e incompetente agora cumpre funções burocráticas. "" A mera substituição da presidente da República ""não trará mudança significativa no status quo"" e que ""a vantagem da mudança seria o descarte da incompetência, má gestão e corrupção"".",falso,Fake.br-Corpus,2026-05-24
justiça federal proíbe boca de urna na eleição da ufba,verdadeiro,Correio,2026-05-24
influenciadora presa desde é liberada para o regime semiaberto,verdadeiro,Metrópoles,2026-05-24
ladrões da mário de andrade fizeram visita guiada antes de roubo,verdadeiro,Metrópoles,2026-05-24
"Delegado da PF denuncia plano de ""falso atentado"" contra Lula.",falso,Fake.br-Corpus,2026-05-24
cortes de vídeo viram mercado e arma de guerra para as eleições,verdadeiro,O GLOBO,2026-05-24
Presidente planeja fechar o Congresso Nacional,falso,Fato ou Fake,2024-03-29
Congresso aprova venda de terras para estrangeiros,falso,Aos Fatos,2023-11-16
quem nos defenderá do stf,verdadeiro,Gazeta do Povo,2026-05-24
babosa o ingrediente natural queridinho da beleza que exige cautela,verdadeiro,UOL,2026-05-24
"Dilma vai aos EUA ""chorar as pitangas"".",falso,Fake.br-Corpus,2026-05-24
fux antecipa voto para manter prisões de pai e primo de vorcaro,verdadeiro,Diario Do Comercio,2026-05-24
"Ex-presidente do BC: ""O Tesouro Nacional está quebrado.",falso,Fake.br-Corpus,2026-05-24
análise flávio cai em pesquisas e lula investe em pacote de bondades,verdadeiro,CNN Brasil,2026-05-24
casa de graça como beneficiários do bolsa família e bpc garantem isenção no minha casa minha vida,verdadeiro,Correio,2026-05-24
por que investidores estrangeiros saem da bolsa brasileira,verdadeiro,Gazeta do Povo,2026-05-24
Lei proíbe transporte privado,falso,Agência Brasil,2022-10-04
ibovespa fecha em queda de e dólar volta a superar r,verdadeiro,Folha De Boa Vista,2026-05-24
STF mantém sigilo de processo judicial,verdadeiro,TSE,2024-03-28
Câmara aprova lei trabalhista,verdadeiro,Fato ou Fake,2024-04-04
entenda em pontos a decisão dos eua que autorizou citação de moraes,verdadeiro,CNN Brasil,2026-05-24
Blog esquerdista dá a entender que reclamar de dedada no futebol é sinal de homofobia.,falso,Fake.br-Corpus,2026-05-24
não há estímulo para sair do bolsa família diz luciano huck,verdadeiro,Poder360,2026-05-24
casos graves de gripe pressionam hospitais e acendem alerta em quase todo o brasil,verdadeiro,G1,2026-05-24
Fundos de investimento crescem,verdadeiro,Lupa,2024-09-11
delação de aliados do pcc revela fraude de r milhões em combustíveis,verdadeiro,O DIA,2026-05-24
"Assessores do Planalto dizem que o Rivotril não está funcionando: ""Ela grita, xinga, ameaça e chora"".",falso,Fake.br-Corpus,2026-05-24
Decreto proíbe escolas privadas,falso,Agência Brasil,2026-05-24
Taxa de desocupação atinge máximo,falso,Aos Fatos,2021-06-02
Senado aprova reforma do sistema previdenciário,verdadeiro,Fato ou Fake,2024-10-10
Investimento estrangeiro direto cresce 15% no Brasil,verdadeiro,Agência Brasil,2021-03-13
Temer vai punir Sergio Reis e Tiririca por traição.,falso,Fake.br-Corpus,2026-05-24
brasil tem das espécies de sucuri do mundo veja onde elas vivem,verdadeiro,G1,2026-05-24
Governo extingue bolsa de valores,falso,Lupa,2022-06-29
virada cultural saiba quanto a prefeitura pagou aos artistas em,verdadeiro,Terra,2026-05-24
"Kelly Key: ""O público acha que recebo pensão milionária do ex"". .",falso,Fake.br-Corpus,2026-05-24
Real fecha em alta,verdadeiro,TSE,2024-02-01
thiago rangel emendas para obras em escolas entram na mira do stf,verdadeiro,G1,2026-05-24
PIB per capita atinge novo recorde,verdadeiro,Lupa,2024-08-21
Mercado de ações colapsa,falso,Agência Brasil,2023-09-23
"Dólar cai 1,2% em relação ao real",verdadeiro,TSE,2023-10-13
bruno gagliasso acusa cazarré de lucrar com fake news,verdadeiro,Veja,2026-05-24
"Revista Veja recebeu R$ 460 milhões durante gestões petistas, aponta jornalista.",falso,Fake.br-Corpus,2026-05-24
Impeachment corre o risco de ser anulado pelo STF e Dilma poderá retornar ao cargo.,falso,Fake.br-Corpus,2026-05-24
Forças Armadas aparecem em pesquisa como instituição mais confiável do país: 68% de aprovação.,falso,Fake.br-Corpus,2026-05-24
o fim da esperança de juros baixos inflação trava queda da selic,verdadeiro,Correio Braziliense,2026-05-24
"Victor Chaves detona a Rede Globo: ""Desrespeitosa, profana ... o jornalismo não mostra a coisa como é"".",falso,Fake.br-Corpus,2026-05-24
eleições veja regras para doações e gastos de campanha,verdadeiro,Tribuna De Minas,2026-05-24
TSE implementa novo sistema de votação,verdadeiro,Agência Brasil,2020-07-07
Lula assina decreto para aumentar salário mínimo,verdadeiro,Fato ou Fake,2023-12-26
Construção civil cria 50 mil novos empregos,verdadeiro,Aos Fatos,2021-02-15
Tognolli: Odebrecht vai dar tiro pra todo lado e fulminar a política nacional.,falso,Fake.br-Corpus,2026-05-24
o que se sabe sobre o tiroteio na casa branca,verdadeiro,"O Estado de S. Paulo,",2026-05-24
supersalários transformam governo em motor de desigualdades,verdadeiro,Gazeta do Povo,2026-05-24
"Site diz que nadador americano que ""inventou"" assalto estava na gandaia com mulheres.",falso,Fake.br-Corpus,2026-05-24
"Após cuspir em Bolsonaro, Jean Wyllys recebe punição leve e debocha do povo: ""A ética venceu"".",falso,Fake.br-Corpus,2026-05-24
Investimento em infraestrutura cresce 20%,verdadeiro,Fato ou Fake,2020-06-12
casal de tuiuiús inicia reforma de ninho no pantanal de ms,verdadeiro,G1,2026-05-24
Via: GATEWAY PUNDIT,falso,ISOT Dataset,2026-05-24
"Coreia do Norte faz nova ameaça: ""O Japão não é mais necessário.",falso,Fake.br-Corpus,2026-05-24
"Psiquiatra emite diagnóstico de Lula: ""Personalidade psicopática e transtorno incurável"".",falso,Fake.br-Corpus,2026-05-24
"""Bombagira""? Esquadrão antibomba é chamado para desativar macumba.",falso,Fake.br-Corpus,2026-05-24
Setor de serviços expande,verdadeiro,Aos Fatos,2021-10-31
Banco Central anuncia nova rodada de corte de juros,verdadeiro,TSE,2024-02-09
gaza uma terra quase esquecida milhares de palestinos seguem à deriva,verdadeiro,Correio Braziliense,2026-05-24
lula volta a cobrar pec da segurança e diz que governadores são reféns das polícias,verdadeiro,Metrópoles,2026-05-24
câncer colorretal sus adota novo exame para rastreio na população,verdadeiro,Tribuna De Minas,2026-05-24
Lula tenta desmoralizar Sérgio Moro mais uma vez.,falso,Fake.br-Corpus,2026-05-24
Sérgio Moro bloqueia a transferência dos veículos de Cunha.,falso,Fake.br-Corpus,2026-05-24
dono da riachuelo sobre fim da escala x estimativa é que vai haver inflação,verdadeiro,Diário de Pernambuco,2026-05-24
Inflação de serviços desacelera,verdadeiro,Lupa,2025-06-26
Hiperinflação vai destruir economia brasileira,falso,TSE,2022-05-19
pt aciona pgr contra mario frias por suspeita de rachadinha,verdadeiro,Metrópoles,2026-05-24
Índice Bovespa recupera perdas,verdadeiro,Lupa,2022-05-08
Corte Suprema mantém prisão de acusado,verdadeiro,Agência Brasil,2025-05-24
Índice de ações atinge novo patamar,verdadeiro,Agência Brasil,2022-07-18
fux antecipa voto e stf tem a para manter prisões de pai e primo de vorcaro,verdadeiro,InfoMoney,2026-05-24
Inflação de transportes desacelera,verdadeiro,Aos Fatos,2025-01-11
Ministério da Saúde obriga vacinação com nanochips,falso,Aos Fatos,2023-06-18
Preços aumentam 400%,falso,Agência Brasil,2020-07-02
"Paulo Henrique Amorim: ""O assassino de Campinas não era louco.",falso,Fake.br-Corpus,2026-05-24
Lula diz que senador petista agiu como um imbecil e idiota.,falso,Fake.br-Corpus,2026-05-24
Economia tem expansão acelerada,verdadeiro,Lupa,2023-02-19
Desemprego elimina empregos,falso,Aos Fatos,2023-12-14
"Jornal italiano comemora extradição de Cesare Battisti : ""Um terrorista que foi protegido por Lula"".",falso,Fake.br-Corpus,2026-05-24
"Bolsa de Valores fecha em alta com ganhos de 2,3%",verdadeiro,Aos Fatos,2023-01-01
Governo elimina democracia,falso,Agência Brasil,2023-10-05
"""Se EUA os atacarem, Kim Jon vai sequestrar turistas e funcionários de embaixadas"" diz desertor. ""A Coréia do Norte planeja tomar reféns ocidentais se os ataques dos EUA acontecerem"", revelou um desertor. (NEWS.AU.COM) O regime paranóico de Kim Jong-un teria treinado equipes especializadas para seqüestrar turistas e funcionários de governos no exterior (embaixadores, diplomatas, etc...) em caso de deflagração de uma Guerra Mundial.",falso,Fake.br-Corpus,2026-05-24
CRIME: Renan autorizou compra de equipamentos eletrônicos para obstruir trabalho da Polícia Federal.,falso,Fake.br-Corpus,2026-05-24
Mercado reage positivamente a anúncio econômico,verdadeiro,Fato ou Fake,2021-03-18
Mercado de trabalho cria 200 mil novos empregos,verdadeiro,TSE,2022-04-11
Bolsa fecha permanentemente,falso,Agência Brasil,2022-07-27
"Com uma dívida de mais de R$ 500 bilhões, Petrobras tenta vender campos de produção do pré-sal. .",falso,Fake.br-Corpus,2026-05-24
justiça autoriza r bilhões em atrasados do inss,verdadeiro,G1,2026-05-24
política nas universidades desvio de função,verdadeiro,Poder360,2026-05-24
CORRUPÇÃO: Governo dos EUA monitorou negócios suspeitos da Odebrecht durante mandato de Lula. .,falso,Fake.br-Corpus,2026-05-24
Câmbio tem volatilidade reduzida,verdadeiro,Lupa,2021-05-27
RIO 2016: Advogado diz que comprou ingressos falsos de ator da Globo.,falso,Fake.br-Corpus,2026-05-24
Governo vai proibir uso de dinheiro em espécie,falso,Agência Brasil,2023-12-11
proposta de porte de armas para veterinários avança no congresso sem base de dados,verdadeiro,Correio Braziliense,2026-05-24
governo federal planeja crédito para o garimpo e fim do uso de mercúrio,verdadeiro,Brasil 247,2026-05-24
"""Kim sumiu! Ditador espalhou sósias pelo país e se escondeu em bunker antinuclear"" diz jornal. .",falso,Fake.br-Corpus,2026-05-24
até o meu fiscal me enganou,verdadeiro,Município Dia A Dia,2026-05-24
Marido de atriz petista é demitido de estatal.,falso,Fake.br-Corpus,2026-05-24
Tribunal Eleitoral homologa eleição,verdadeiro,Agência Brasil,2021-08-29
"Índice de preços ao consumidor cai 0,3%",verdadeiro,Fato ou Fake,2022-08-16
Economia cresce acima da meta,verdadeiro,Fato ou Fake,2022-12-18
Governo congela todas as contas,falso,TSE,2020-12-03
datafolha indica que caso dark horse ainda pode ampliar desgaste de flávio bolsonaro,verdadeiro,Brasil 247,2026-05-24
fux antecipa voto e stf tem a para manter prisões de vorcaros,verdadeiro,Terra,2026-05-24
"Ao retornar da Europa, Gilmar Mendes é reconhecido em avião: Os passageiros não perdoaram!.",falso,Fake.br-Corpus,2026-05-24
"Atriz que contraiu doença autoimune culpa a Rede Globo: ""Após a demissão, a tristeza afetou minha saúde"". .",falso,Fake.br-Corpus,2026-05-24
A Comissão de Constituição e Justiça (CCJ) da Câmara aprovou a Proposta de Emenda à Constituição (PEC) que reduz a maioridade penal no Brasil. A votação terminou com 44 votos favoráveis e 18 contrários. O texto agora segue para análise de uma comissão especial antes de ir ao plenário da Casa.,verdadeiro,G1,2026-06-12
Cuidado com as notícias da grande mídia: O Hopi Hari NÃO PEGOU FOGO em sua reestréia!.,falso,Fake.br-Corpus,2026-05-24
governo para big techs toma que o filho é teu,verdadeiro,UOL Notícias,2026-05-24
itajubá busca reconhecimento para polo de inovação,verdadeiro,Diario Do Comercio,2026-05-24
Presidente planeja vender a Amazônia para a China,falso,TSE,2023-07-18
"Deputado honesto: ""Somos marajás sim.",falso,Fake.br-Corpus,2026-05-24
"Ex-Illuminati: ""Uma futura Terceira Guerra Mundial já está programada.",falso,Fake.br-Corpus,2026-05-24
STF determina prisão de críticos do governo,falso,Aos Fatos,2021-01-05
"Xi Jinping alerta Trump: ""Se houver um erro estratégico, a situação pode sair de controle"".",falso,Fake.br-Corpus,2026-05-24
Mercado de ações fecha em alta,verdadeiro,TSE,2022-12-07
Quem mata mais? FHC ou Bolsonaro?.,falso,Fake.br-Corpus,2026-05-24
"Delator disse que tinha uma ""kitnet exclusiva"" só para esconder propina do governador Pimentel (PT-MG). .",falso,Fake.br-Corpus,2026-05-24
Silvio Santos humilhou dono da Friboi.,falso,Fake.br-Corpus,2026-05-24
Governo entrega Brasil para estrangeiros,falso,TSE,2026-03-16
estilos opostos e visões de mundo distintas moldam marqueteiros dos presidenciáveis,verdadeiro,O GLOBO,2026-05-24
Economia cresce acima das expectativas do mercado,verdadeiro,Aos Fatos,2022-08-25
datafolha lula atrai do eleitorado de centro flávio bolsonaro,verdadeiro,CNN Brasil,2026-05-24
Inflação anual atinge 300%,falso,Fato ou Fake,2022-10-06
"Senado aprova a IDENTIFICAÇÃO NACIONAL, documento que substituirá RG, CNH e título de eleitor. .",falso,Fake.br-Corpus,2026-05-24
Bolsa brasileira tem melhor semana do mês,verdadeiro,Aos Fatos,2021-02-03
Governo vai congelar todas as contas bancárias,falso,Lupa,2021-04-01
"Suíça encontra contas ""ilícitas"" usadas para abastecer as campanhas de Lula e Dilma.",falso,Fake.br-Corpus,2026-05-24
orçamento do fgts de r bi impulsiona moradias e avalia novas faixas de renda,verdadeiro,Correio,2026-05-24
Governo vai vender hidrelétricas para cobrir roubalheiras. .,falso,Fake.br-Corpus,2026-05-24
polícia prende suspeito de envolvimento em estupro coletivo de adolescente submetida a tribunal do tráfico,verdadeiro,EXTRA,2026-05-24
transferência de vorcaro aumenta atrito da pf com stf entenda as razões,verdadeiro,Diário do Centro do Mundo,2026-05-24
"Terceira Guerra? Rússia assusta o mundo e faz simulação de guerra com 40 milhões de civis. . ""É uma oportunidade de preparar e coordenar as forças ofensivas e defensivas de nosso país.",falso,Fake.br-Corpus,2026-05-24
"Senador anuncia CPI da Lei Rouanet: Vamos acabar o mamatório da Cultura, doa a quem doer"". .",falso,Fake.br-Corpus,2026-05-24
Tragédia no Acre: Pai e mãe da jovem de 20 anos que se suicidou ontem (27) são encontrados mortos. .,falso,Fake.br-Corpus,2026-05-24
"O PT é uma piada pronta! Senador tenta defender Dilma das ""pedaladas"" e acaba complicando Lula.",falso,Fake.br-Corpus,2026-05-24
isabelle nogueira comemora festival da cunhã em manaus sacode a economia em até r milhões,verdadeiro,gshow,2026-05-24
"Vice-Prefeito de BH diz que governo federal quer trocar votos do ""impeachment"" por verbas escolares. .",falso,Fake.br-Corpus,2026-05-24
Tribunal Superior Eleitoral valida resultado de eleição,verdadeiro,TSE,2020-05-01
Governadora de Roraima faz a festa e nomeia 19 parentes para cargos de confiança.,falso,Fake.br-Corpus,2026-05-24
a história do hospital colônia de barbacena a cidade dos loucos que será fechado na próxima segunda depois de um século,verdadeiro,O GLOBO,2026-05-24
zelensky diz ser injusto ucrânia entrar na ue sem direito a voto,verdadeiro,Poder360,2026-05-24
Banco Central projeta inflação dentro da meta,verdadeiro,Fato ou Fake,2024-01-10
homem compra urna para pôr as cinzas do avô e recebe o produto com restos mortais de outra pessoa,verdadeiro,EXTRA,2026-05-24
"Lula tropeça nas palavras: ""Serei candidato com a ajuda do povo baiano ... é só dar 10 reais para o pobre"". . ""O PT era uma organização criminosa, foi criado para ser a nave mãe [...] e o Lula como era a pessoa mais famosa dessa organização criminosa, era o chefe, portanto tudo que o Lula fez no governo foi para roubar"" debochou o ex-presidente.",falso,Fake.br-Corpus,2026-05-24
Ministro da Justiça toma posse e ironiza pergunta de repórter durante coletiva.,falso,Fake.br-Corpus,2026-05-24
Inflação acumulada em 6 meses cai,verdadeiro,Agência Brasil,2025-11-10
2x0: Mais um desembargador vota pela condenação de Lula e pede a prisão do réu.,falso,Fake.br-Corpus,2026-05-24
Lei obriga implante de rastreador,falso,Aos Fatos,2023-12-27
Presidente assina acordo internacional,verdadeiro,TSE,2024-03-11
BOMBA: A Polícia Federal descobriu um esquema de fraude no cálculo do PIB de 2025.,falso,WhatsApp,2026-06-12
Decreto fecha bolsa de valores,falso,Aos Fatos,2025-05-14
Governo proíbe dinheiro em espécie,falso,Agência Brasil,2022-07-25
estadão inicia o brasil adiante ciclo de debates para apresentar propostas concretas ao país,verdadeiro,"O Estado de S. Paulo,",2026-05-24
Real se valoriza frente ao dólar americano,verdadeiro,TSE,2022-08-27
TSE publica edital de eleição,verdadeiro,Lupa,2020-03-01
escola padre edson celebra anos com reforma de quase r milhões em mâncio lima,verdadeiro,ac24horas,2026-05-24
Mercado financeiro vai quebrar,falso,Agência Brasil,2022-10-31
Economia elimina empregos,falso,TSE,2026-04-08
expulsão do carrascal em flamengo x palmeiras revolta torcedores não dá,verdadeiro,LANCE,2026-05-24
polícia apura atentado a tiros que matou criança de ano no interior do maranhão,verdadeiro,Jornal Pequeno,2026-05-24
"Advogado de Gleisi era o ""operador da lavagem"".",falso,Fake.br-Corpus,2026-05-24
"José de Abreu desabafa sobre o amigo Dirceu: ""O Dirceu tá fod#$%.Sabe que a cadeia é pra sempre"".",falso,Fake.br-Corpus,2026-05-24
filho dado como morto reaparece em quem ama cuida e vira pesadelo na disputa pela fortuna de arthur,verdadeiro,O Tempo,2026-05-24
Escárnio! Lula se recusa a depor para Sérgio Moro e diz que só falará com a Justiça de Brasília.,falso,Fake.br-Corpus,2026-05-24
Vendas no varejo crescem acima da inflação,verdadeiro,TSE,2025-03-14
Chico Xavier previu Terceira Guerra Mundial e destacou o papel do Brasil. .,falso,Fake.br-Corpus,2026-05-24
educação antirracista entra na pauta de municípios baianos,verdadeiro,A Tarde,2026-05-24
Governo Temer pode ser o mais rápido da história. 13 senadores poderão mudar seus votos.,falso,Fake.br-Corpus,2026-05-24
"Sem mortadela e sem dinheiro, manifestações a favor de Lula começam a fracassar no RS.",falso,Fake.br-Corpus,2026-05-24
Istoé revela conta aberta na Suíça para Dilma receber propina de empreiteira.,falso,Fake.br-Corpus,2026-05-24
Presidente do PT pede para internautas colocarem foto de Lula no perfil do Face e vira piada nacional.,falso,Fake.br-Corpus,2026-05-24
ponte mais alta do mundo fica na china e precisa chorar por segurança,verdadeiro,UOL,2026-05-24
Confiança do consumidor sobe,verdadeiro,TSE,2025-12-04
"Dilma faz descoberta científica: ""Enquanto o mosquito da dengue se reproduzir, estamos perdendo a luta"".",falso,Fake.br-Corpus,2026-05-24
STF nega recurso de investigado em processo,verdadeiro,Fato ou Fake,2025-10-21
Governo proíbe manifestações políticas,falso,Fato ou Fake,2023-02-27
"Folha: ""Sarney prometeu ajudar investigado da Lava-Jato a ""escapar"" de Sérgio Moro"". .",falso,Fake.br-Corpus,2026-05-24
urnas com cinzas de dois cachorros roubadas durante assalto a ônibus no rio são recuperadas pela polícia,verdadeiro,O GLOBO,2026-05-24
dólar sobe e bolsa cai com petróleo em alta e impasse sem fim no irã,verdadeiro,Metrópoles,2026-05-24
Presidente ordena regime totalitário,falso,Agência Brasil,2024-11-17
relembre o atentado mais perigoso que donald trump sofreu,verdadeiro,O Tempo,2026-05-24
condenado por desmate terá de restaurar área e pagar indenização no ac,verdadeiro,ac24horas,2026-05-24
não discuto resultado de urna diz caiado,verdadeiro,Poder360,2026-05-24
Governo anuncia investimento em energia renovável,verdadeiro,Fato ou Fake,2025-10-22
"Maior cientista do mundo alerta: ""O Planeta Terra estará inabitável no ano de 3016"".",falso,Fake.br-Corpus,2026-05-24
"Abreu joga a toalha: ""Lula prestes a ser condenado... desisto.",falso,Fake.br-Corpus,2026-05-24
trump personaliza memória oficial dos eua às vésperas dos anos da independência do país,verdadeiro,O GLOBO,2026-05-24
Governo vai proibir educação privada,falso,Agência Brasil,2026-03-29
erika hilton rejeita negociação sobre compensações na pec da x,verdadeiro,EBC,2026-05-24
urnas eletrônicas são seguras e auditáveis,verdadeiro,TSE,2026-05-16
Crescimento econômico retoma,verdadeiro,Lupa,2026-05-23
mesário que fraudou eleição pagará por danos morais coletivos,verdadeiro,Consultor Jurídico,2026-05-24
suplente de davi alcolumbre é indiciado pela polícia federal,verdadeiro,"O Estado de S. Paulo,",2026-05-24
Teori despacha ofício para Sérgio Moro.,falso,Fake.br-Corpus,2026-05-24
papa leão xiv reforça defesa do meio ambiente e critica poluição na itália,verdadeiro,O DIA,2026-05-24
Comércio varejista cresce,verdadeiro,Fato ou Fake,2020-03-21
"Taxista confunde viatura com Uber, ataca o carro e é preso.",falso,Fake.br-Corpus,2026-05-24
Investimento em startups cresce,verdadeiro,Aos Fatos,2022-09-13
Inflação vai chegar a 200% até dezembro,falso,Agência Brasil,2025-03-18
"Danilo Gentili: ""Lula pedir prisão de Sérgio Moro é igual o Coringa pedir a prisão do Batman"". . ""O Lula quer prender o Moro"" essa é a piada do dia, disse Gentili.",falso,Fake.br-Corpus,2026-05-24
trump defende segurança reforçada após tiroteio perto da casa branca,verdadeiro,Brasil 247,2026-05-24
dólar sobe no dia de olho em guerra e fed mas recua na semana,verdadeiro,O DIA,2026-05-24
alcolumbre deve liberar repasses a municípios antes da eleição,verdadeiro,Brasil 247,2026-05-24
"Votação do fim do foro no senado é ""mais do mesmo"".",falso,Fake.br-Corpus,2026-05-24
Vendas de varejo crescem,verdadeiro,Lupa,2025-10-16
Foragido que está na Espanha é ex-consultor de José Dirceu.,falso,Fake.br-Corpus,2026-05-24
Varejo fecha mês em alta,verdadeiro,Fato ou Fake,2020-09-04
irã executa homem acusado de espionagem durante guerra com eua e israel,verdadeiro,Estado de Minas,2026-05-24
Câmara aprova lei de combate à corrupção,verdadeiro,Fato ou Fake,2024-07-19
o castelo de mentiras do bolsonarismo está se desmoronando diz lindbergh após datafolha vídeo,verdadeiro,Brasil 247,2026-05-24
"Frota: ""Tenho um grupo com mais de 70 lutadores prontos para defender a Janaína"".",falso,Fake.br-Corpus,2026-05-24
"Integrantes do MST confessam: ""O governo aluga vários ônibus de luxo pra gente acompanhar a Dilma."".",falso,Fake.br-Corpus,2026-05-24
prefeitura entrega ampliação da escola tiradentes na segundafeira,verdadeiro,Paraíba Online,2026-05-24
Presidente assina confisco de bens,falso,TSE,2026-01-13
"Mexeu com gente errada! Magistrados mandam recado para Renan:""O povo não acredita nas suas intenções"".",falso,Fake.br-Corpus,2026-05-24
Congresso aprova lei de segurança pública,verdadeiro,Aos Fatos,2020-03-19
Boechat e Jornal da Band desmascaram o governo corrupto do PT. .,falso,Fake.br-Corpus,2026-05-24
Indústria de alimentos cresce 5%,verdadeiro,Fato ou Fake,2025-12-28
governo cria programa para combater crime na amazônia,verdadeiro,Poder360,2026-05-24
"Dilma diz que quer voltar e consultar a população sobre novas eleições presidenciais. . ""Será necessário consultar a população para remontar um ""pacto"" que vinha desde a Constituição de 1988 e foi rompido com o processo de impeachment"", disse Dilma em entrevista exibida pela TV Brasil.",falso,Fake.br-Corpus,2026-05-24
STF pede urgência para impeachment de Temer.,falso,Fake.br-Corpus,2026-05-24
recife homem que colou teclas de urna eletrônica nas eleições de é condenado pelo trepe,verdadeiro,Folha De Pernambuco,2026-05-24
fantasmas do passado,verdadeiro,O GLOBO,2026-05-24
Fundos de private equity investem no Brasil,verdadeiro,Agência Brasil,2024-02-15
Presidente ordena nacionalização de bens,falso,Aos Fatos,2023-05-01
governo libera r bilhões do fgts para trabalhadores a partir de terça,verdadeiro,O DIA,2026-05-24
Taxa de desemprego vai atingir 80%,falso,Agência Brasil,2026-01-23
"PIB anualizado cresce 2,7%",verdadeiro,TSE,2024-11-25
lei henry borel completa anos neste domingo dia antecede júri do caso,verdadeiro,CNN Brasil,2026-05-24
Projeto de Lei propõe salário vitalício de R$ 15 mil para vereadores do RJ.,falso,Fake.br-Corpus,2026-05-24
FUGIU? Filho de Lula foi para os EUA.,falso,Fake.br-Corpus,2026-05-24
Senado aprova lei de saúde pública,verdadeiro,Agência Brasil,2021-08-17
"Resende: ""O Brasil tem a justiça mais cara do mundo e só temos o Sérgio Moro trabalhando"". . abre aspas Veja se é possível viver no nosso Brasil.",falso,Fake.br-Corpus,2026-05-24
Banco Central sinaliza estabilidade de juros,verdadeiro,Aos Fatos,2025-08-28
mais de municípios do piauí poderão voltar a acessar recursos federais após derrubada de veto pelo congresso,verdadeiro,O DIA,2026-05-24
Confiança do empresário atinge patamar positivo,verdadeiro,Fato ou Fake,2022-01-28
"Inflação acumulada em 12 meses atinge 4,5%",verdadeiro,Lupa,2021-05-27
Movimento que pede a criação de um novo país fará consulta pública no próximo dia 7.,falso,Fake.br-Corpus,2026-05-24
Investimento em tecnologia cresce,verdadeiro,Fato ou Fake,2023-05-20
Bolsonaro é absolvido pelo Conselho de Ética.,falso,Fake.br-Corpus,2026-05-24
justiça de sp identifica fraude com ia em ações judiciais,verdadeiro,UOL Notícias,2026-05-24
Governo vai proibir investimentos em bolsa,falso,Fato ou Fake,2025-09-30
fgts libera mais de r bilhões na próxima semana parte em saques e restante para pagamento de débitos no desenrola,verdadeiro,G1,2026-05-24
obras em centro de aquicultura de alagoas vão fortalecer piscicultura e repovoamento do são francisco,verdadeiro,Tribuna Independente,2026-05-24
Decreto elimina o real,falso,TSE,2020-04-02
TSE aprova calendário eleitoral,verdadeiro,Lupa,2021-02-14
Desemprego chega a 85%,falso,Lupa,2025-01-08
ouro verde plantas e grãos desbancam petróleo na liderança,verdadeiro,A Tarde,2026-05-24
acordo eua e irã cessarfogo de dias e abertura de ormuz,verdadeiro,G1,2026-05-24
acre tem mais de mil pessoas à espera do bolsa família,verdadeiro,ac24horas,2026-05-24
Advogado citado na Lava-Jato morre em Brasília.,falso,Fake.br-Corpus,2026-05-24
Bolsa de Valores tem dia positivo,verdadeiro,Aos Fatos,2021-09-03
Dilma ignora o apelo das ruas e coloca o rato para tomar conta do queijo.,falso,Fake.br-Corpus,2026-05-24
Decreto estabelece autocracia,falso,Fato ou Fake,2024-10-21
Presidente assina decreto para confiscar ouro de cidadãos,falso,Aos Fatos,2026-01-11
Decreto ordena tomada de terras,falso,Agência Brasil,2025-10-08
Governo confisca poupança de cidadãos,falso,Agência Brasil,2022-12-31
Real tem melhor desempenho em 3 meses,verdadeiro,Lupa,2022-11-10
Governo aboliu eleições,falso,Lupa,2021-11-17
"Comércio varejista tem crescimento de 3,5%",verdadeiro,TSE,2022-06-04
fim da escala x vai elevar inflação ou reduzir empregos diz dono da riachuelo,verdadeiro,"O Estado de S. Paulo,",2026-05-24
mostra de cinema socioambiental em manaus tem programação gratuita,verdadeiro,G1,2026-05-24
Inflação chega a 250%,falso,Fato ou Fake,2020-06-23
TSE nega registro de candidato inelegível,verdadeiro,Agência Brasil,2024-03-07
Confiança de empresários sobe,verdadeiro,TSE,2023-03-25
Governo ordena confisco de todas as poupanças,falso,Lupa,2023-10-06
"Paciente com câncer descobre que seu ""tumor"" era um cone de Playmobil aspirado em 1977. .",falso,Fake.br-Corpus,2026-05-24
Pesquisa realizada nas redes sociais aponta Bolsonaro como favorito para 2018.,falso,Fake.br-Corpus,2026-05-24
crise do master foi ligada indevidamente ao stf mas é sistêmica diz gilmar mendes,verdadeiro,Correio Do Povo,2026-05-24
desmatamento o que muda na fiscalização com pl aprovado na câmara,verdadeiro,CNN Brasil,2026-05-24
Bateu o desespero! Defesa de Lula entra com habeas corpus para adiar depoimento. .,falso,Fake.br-Corpus,2026-05-24
saque fgts aniversário guia para receber o dinheiro em qualquer banco,verdadeiro,Estado de Minas,2026-05-24
Setor têxtil tem recuperação,verdadeiro,Aos Fatos,2020-08-16
Setor de energia renovável atrai investidores,verdadeiro,Agência Brasil,2025-05-25
Sílvio volta das férias em Miami e não descarta possibilidade de ser candidato à presidência.,falso,Fake.br-Corpus,2026-05-24
Governo prende críticos políticos,falso,TSE,2021-12-10
Crescimento econômico acelera,verdadeiro,Agência Brasil,2023-01-16
Presidente participa de cúpula do Mercosul,verdadeiro,Lupa,2021-06-19
turistas rumo à copa devem estar alerta para vacina do sarampo,verdadeiro,Jornal Folha Vitória,2026-05-24
"Dario Durigan assumiu o Ministério da Fazenda enfrentando forte pressão fiscal e desafios herdados de Fernando Haddad. Logo nos primeiros dias, anunciou um bloqueio de R$ 1,6 bilhão no orçamento para cumprir o arcabouço fiscal. O governo projeta um déficit primário de R$ 59,8 bilhões ao incluir precatórios nas contas de 2026.",verdadeiro,Agência Brasil,2026-06-12
Maria de Fátima (vítima de um AVC) morreu na fila do SUS.,falso,Fake.br-Corpus,2026-05-24
"Pesquisa Quaest aponta que o presidente Lula lidera as intenções de voto para o segundo turno das eleições de 2026 com 44%, enquanto Flávio Bolsonaro aparece com 38%. O levantamento mostra que eleitores independentes têm migrado para a candidatura governista em meio a sinais de melhora nos indicadores de emprego.",verdadeiro,G1,2026-06-12
Decreto autoriza venda da Amazônia,falso,Fato ou Fake,2022-09-04
Sérgio Moro determina transferência de ex-assessor de Palocci.,falso,Fake.br-Corpus,2026-05-24
"Condenado a quase 60 anos de prisão, ex-governador do Rio tem crises de choro no Complexo de Bangu. .",falso,Fake.br-Corpus,2026-05-24
quem ganha e quem perde com a alta do petróleo veja reflexo da guerra no oriente médio nos países,verdadeiro,O GLOBO,2026-05-24
finalizada a reforma de passarela na avenida ipiranga sobre o arroio dilúvio,verdadeiro,Correio Do Povo,2026-05-24
"Em vídeo, Delegado da PF (que investigava Lula) confirma que foi afastado por diretor.",falso,Fake.br-Corpus,2026-05-24
cresce no psb apoio ao nome de josué gomes ao governo de minas,verdadeiro,UOL Notícias,2026-05-24
Bancos vão fechar permanentemente em 2026,falso,Fato ou Fake,2024-12-01
prefeitura leva ação educativa à orla aberta sobre o uso de faixas na ponta verde,verdadeiro,Tribuna Independente,2026-05-24
"Desemprego recua para 7,2%",verdadeiro,Aos Fatos,2022-02-28
Presidente se reúne com líderes internacionais,verdadeiro,Fato ou Fake,2020-06-03
dupla rouba moto sofre acidente e suspeito abandona comparsa ferido em oeiras,verdadeiro,Meio Norte,2026-05-24
"Índice de confiança do consumidor sobe 4,2%",verdadeiro,TSE,2025-12-02
Presidente ordena prisão de jornalistas,falso,Aos Fatos,2020-11-06
trump já sugeriu domo de ouro para proteger casa branca,verdadeiro,O Tempo,2026-05-24
imposto de renda é tema hoje na tv pajuçara a partir das hm,verdadeiro,TNH1,2026-05-24
"Taxa Selic cai para 9,5% ao ano",verdadeiro,Agência Brasil,2025-05-05
curso sala de vacina em rio branco ac,verdadeiro,EBC,2026-05-24
"Ninguém melhor que o próprio Lula para explicar como funciona o Bolsa Família. . "" É por isso que se distribui tanto tíquete de leite, porque isso na verdade é uma peça de troca em época de eleição e assim o processo eleitoral é despolitizado, tratando o povo mais pobre da mesma forma que Cabral tratou os índios quando chegou ao Brasil, em que ele distribuía bijuterias para ganhar a confiança dos índios, assim os governos distribuem alimento para manter a política de dominação"".",falso,Fake.br-Corpus,2026-05-24
"Coreia do Norte ameaça: ""Se o porta-aviões dos EUA se aproximar mais um pouco, vamos destruí-lo"".",falso,Fake.br-Corpus,2026-05-24
Presidente negocia entrega de terras,falso,Aos Fatos,2020-10-09
Sistema financeiro quebra,falso,Fato ou Fake,2026-03-19
Governo negocia entrega do Brasil para potência estrangeira,falso,Fato ou Fake,2021-11-12
Terceira barragem de Mariana está trincada e pode se romper a qualquer momento.,falso,Fake.br-Corpus,2026-05-24
o mundo político de não é o de diz lula,verdadeiro,Brasil 247,2026-05-24
haddad diz que ecossistema vorcarobolsonaro deve impactar eleições,verdadeiro,Metrópoles,2026-05-24
IPCA fecha mês dentro da meta do Banco Central,verdadeiro,TSE,2023-06-12
"URGENTE: Lula pode se tornar um ""ficha-suja"" e perder a oportunidade de concorrer em 2018.",falso,Fake.br-Corpus,2026-05-24
"Agência internacional de notícias faz perfil de Galvão: ""Conhecido pelos desentendimentos com convidados"".",falso,Fake.br-Corpus,2026-05-24
"Conheça Toninho motoboy, o ""Bruce Willis"" brasileiro que escapou ileso de um acidente cinematográfico!.",falso,Fake.br-Corpus,2026-05-24
Governo vai obrigar todos a se vacinarem com chip,falso,Fato ou Fake,2023-07-03
Vídeo da NASA mostra OVNI reabastecendo suas energias no sol.,falso,Fake.br-Corpus,2026-05-24
CUIDADO: A reforma tributária aprovada pelo Congresso vai aumentar o preço da cesta básica em 60% já no próximo mês.,falso,WhatsApp,2026-06-12
Jornal inglês apavora o mundo e diz que o APOCALIPSE poderá acontecer em breve. .,falso,Fake.br-Corpus,2026-05-24
caso deolane suspeita de lavar dinheiro para o pcc era beneficiária do bolsa família,verdadeiro,Diário do Centro do Mundo,2026-05-24
Lei aprova confisco de propriedades,falso,TSE,2025-12-11
ator da globo reaparece na web após ser dado como morto,verdadeiro,A Tarde,2026-05-24
Indústria química cresce,verdadeiro,Aos Fatos,2020-02-05
Bolsa de Valores vai fechar permanentemente,falso,Fato ou Fake,2023-03-21
"Fotógrafo tem equipamento de US$ 40 mil roubado e elogia ladrões do RJ: ""São bons no que fazem"".",falso,Fake.br-Corpus,2026-05-24
"Presidente da Rússia barra Michel Temer no encontro do BRICS: ""devido às mudanças bruscas ocorridas na política"".",falso,Fake.br-Corpus,2026-05-24
candidatos querem reforma do judiciário e stf com menos poderes,verdadeiro,Consultor Jurídico,2026-05-24
todas as empresas são de tecnologia,verdadeiro,A Tribuna,2026-05-24
paulista abre cadastro para auxílio estadual de famílias atingidas pelas fortes chuvas,verdadeiro,Folha De Pernambuco,2026-05-24
Carmem Lucia esculacha Michel Temer.,falso,Fake.br-Corpus,2026-05-24
Jornalista que entrevistou Dilma recebeu R$ 814 mil do governo petista em 2016.,falso,Fake.br-Corpus,2026-05-24
"COPOM aprova corte de 0,75 ponto percentual",verdadeiro,Aos Fatos,2020-10-26
você também perde noites de sono,verdadeiro,UOL,2026-05-24
"Delegado da PF faz alerta: ""Cuidado com os jatinhos de empresários! Lula pode fugir do país!"".",falso,Fake.br-Corpus,2026-05-24
o brasil tem tudo para ser protagonista da nova ordem mundial afirma lula,verdadeiro,Brasil 247,2026-05-24
Traficantes atacam carro da Força Nacional: 3 policiais ficaram feridos e um está desaparecido.,falso,Fake.br-Corpus,2026-05-24
saiba como identificar as figurinhas falsas da copa do mundo e evitar golpes,verdadeiro,Correio,2026-05-24
Empresário que sabia demais sobre acidente com avião de Campos pode ter sido vítima de envenenamento.,falso,Fake.br-Corpus,2026-05-24
MP pede proibição de filmagens no MAM e acaba praticando atentado contra a humanidade.,falso,Fake.br-Corpus,2026-05-24
reclamação na web por que figurinhas da copa estão custando caro,verdadeiro,Metrópoles,2026-05-24
Começa o desmonte do PMDB. Dois ministros de Temer aparecem nas primeiras delações da Odebrecht. .,falso,Fake.br-Corpus,2026-05-24
População fica desempregada,falso,Agência Brasil,2024-02-01
Real aprecia 2% em relação ao dólar,verdadeiro,Lupa,2023-05-18
Calheiros extrapola todos os limites e tenta acabar com o Ministério Público.,falso,Fake.br-Corpus,2026-05-24
Decreto proíbe dinheiro em espécie,falso,Agência Brasil,2024-09-28
Lei proíbe manifestações,falso,Lupa,2025-09-15
Taxa de juros atinge patamar histórico,verdadeiro,Fato ou Fake,2025-06-11
Metade da população vai ficar desempregada,falso,Aos Fatos,2025-10-29
a reação de ciro nogueira à possibilidade de flávio bolsonaro sair da disputa,verdadeiro,Estado de Minas,2026-05-24
Desemprego vai chegar a 50% em 2026,falso,Agência Brasil,2025-11-02
pf e receita têm que trabalhar juntas e preservar provas diz diretor,verdadeiro,UOL Notícias,2026-05-24
stf anula eleição da mesa diretora da câmara de várzea grande mt,verdadeiro,G1,2026-05-24
Lula assina decreto para confiscar contas bancárias de opositores,falso,Lupa,2020-10-22
como declarar carro comprado com dinheiro emprestado,verdadeiro,UOL Economia,2026-05-24
Bolsa brasileira supera mercados internacionais,verdadeiro,Aos Fatos,2025-08-19
congresso discute muito além dos rótulos do autismo,verdadeiro,O DIA,2026-05-24
"IPCA fecha em 0,2% no mês",verdadeiro,Lupa,2023-12-01
figurinhas violaram honra de servidora no pr segundo justiça,verdadeiro,G1,2026-05-24
filho do dono de bar onde pessoas três foram assassinadas no paraná é uma das vítimas estabelecimento foi comprado há três dias,verdadeiro,G1,2026-05-24
Maior exército do planeta poderá reforçar guerra contra o Estado Islâmico.,falso,Fake.br-Corpus,2026-05-24
STF ordena prisão de todos os bolsonaristas,falso,Agência Brasil,2023-10-10
o corpo em movimento mente em equilíbrio os benefícios da dança,verdadeiro,Correio Braziliense,2026-05-24
Sistema bancário colapsa,falso,TSE,2024-11-07
"Temer fica nervoso e diz a senadores: ""Não me querem? Então votem para o retorno da Dilma"".",falso,Fake.br-Corpus,2026-05-24
Atenção eleitores: Um vídeo que circula nas redes sociais mostra mesários votando na urna eletrônica no lugar de eleitores ausentes em uma seção eleitoral.,falso,Telegram,2026-06-12
Senado aprova tratado internacional de comércio,verdadeiro,Lupa,2020-10-21
URGENTE! Ex-ministro da Cultura entregou gravações de Temer à PF.,falso,Fake.br-Corpus,2026-05-24
Imprensa americana aponta Bolsonaro como próximo presidente do Brasil.,falso,Fake.br-Corpus,2026-05-24
"Em MG, detentos publicam vídeo e ameaçam: ""Nóis vai metê fogo im tudo.",falso,Fake.br-Corpus,2026-05-24
Governo vai eliminar separação de poderes,falso,TSE,2025-12-18
Indústria de bebidas cresce,verdadeiro,Agência Brasil,2024-04-21
pequena áfrica vira palco da feira preta,verdadeiro,EXTRA,2026-05-24
"A chapa esquentou! Delator diz que apresentará provas sobre encontro ""sigiloso"" com Temer.",falso,Fake.br-Corpus,2026-05-24
Procuradores dos EUA poderão pedir a prisão de Lula e Dilma.,falso,Fake.br-Corpus,2026-05-24
"Caetano defende ""liberdade artística"" e leva uma sova dos internautas: ""Limite-se a cantar ... "".",falso,Fake.br-Corpus,2026-05-24
"Economia brasileira cresce 2,3%",verdadeiro,TSE,2025-10-24
"""Estou convencido de que ele me gravou"" disse Gilmar Mendes sobre Joesley Batista. .",falso,Fake.br-Corpus,2026-05-24
Presidente ordena congelamento de contas,falso,Aos Fatos,2024-05-31
Presidente ordena proibição de educação privada,falso,Fato ou Fake,2022-04-13
"Dólar fecha abaixo de R$ 5,10",verdadeiro,TSE,2023-07-25
"Willian Bonner tenta se livrar de seguidora insana: ""Ela diz que eu devo morrer de forma lenta e dolorosa"".",falso,Fake.br-Corpus,2026-05-24
Sistema bancário falha,falso,Fato ou Fake,2023-06-09
Decreto ordena fechamento de jornais,falso,Aos Fatos,2024-07-26
COPOM mantém taxa Selic inalterada,verdadeiro,Aos Fatos,2025-06-21
Presidente assina acordo secreto com terroristas,falso,Aos Fatos,2025-12-23
fiuk surge em clima de romance com loira misteriosa e web especula ser ia,verdadeiro,Meio Norte,2026-05-24
Governo vai obrigar todos a morar em condomínios estatais,falso,Lupa,2023-08-05
Banco Central anuncia ciclo de altas de juros,verdadeiro,Agência Brasil,2022-10-19
G20  Trump foi irônico ao elogiar o Brasil e Temer acreditou!.,falso,Fake.br-Corpus,2026-05-24
URGENTE: Baderneiros invadem Núcleo de Educação em Curitiba.,falso,Fake.br-Corpus,2026-05-24
caso deolane investigada que movimentou milhões recebeu bolsa família,verdadeiro,Metrópoles,2026-05-24
Governo vai tomar casas de brasileiros,falso,Fato ou Fake,2023-02-21
economia da china perde força no segundo trimestre,verdadeiro,Cruzeiro Do Sul,2026-05-24
Presidente proíbe transporte particular,falso,Fato ou Fake,2025-02-06
PIB fecha trimestre em alta,verdadeiro,Lupa,2025-01-16
após aposta em pacheco esquerda mineira se fragmenta e complica lula,verdadeiro,Metrópoles,2026-05-24
Presidente assina acordo com terroristas,falso,TSE,2023-05-26
uruguai realiza sua primeira eutanásia legal da história,verdadeiro,Diário do Centro do Mundo,2026-05-24
prefeita ivanária visita obra de nova escola em esperantina,verdadeiro,Meio Norte,2026-05-24
O interino escapou! Delação premiada mais aguardada do país foi adiada para novembro.,falso,Fake.br-Corpus,2026-05-24
Congresso aprova ditadura,falso,Fato ou Fake,2024-07-09
vulcão brasileiro que é reconhecido como o mais antigo do mundo,verdadeiro,Gazeta do Povo,2026-05-24
IPCA fica abaixo da expectativa,verdadeiro,Fato ou Fake,2022-07-22
Índice de ações fecha semana em alta,verdadeiro,Lupa,2020-03-29
Presidente vai entregar o Brasil para a China,falso,TSE,2021-08-12
Tribunal Regional Federal da 4a. região nega habeas corpus para presidente do Instituto Lula.,falso,Fake.br-Corpus,2026-05-24
oposição celebra zambelli livre,verdadeiro,Correio Braziliense,2026-05-24
dicas para pequenos negócios adotarem ia sem perder toque humano,verdadeiro,CNN Brasil,2026-05-24
Senado confirma novo ministro do Supremo Tribunal Federal,verdadeiro,Lupa,2021-06-04
Dilma tira sarro do povo brasileiro.,falso,Fake.br-Corpus,2026-05-24
o google matou o google agora todo mundo terá que se reinventar,verdadeiro,UOL,2026-05-24
Taxa de desocupação atinge menor nível em 5 anos,verdadeiro,Agência Brasil,2020-07-25
Lei ordena fim de educação privada,falso,Aos Fatos,2025-12-10
URGENTE: Gilmar Mendes suspende nomeação de Lula.,falso,Fake.br-Corpus,2026-05-24
Inflação vai chegar a 100% no próximo mês,falso,Lupa,2021-09-06
Investimento estrangeiro bate recorde,verdadeiro,Lupa,2024-04-10
Tribunal Constitucional mantém constitucionalidade de lei,verdadeiro,Fato ou Fake,2026-02-13
mesmo preso bolsonaro conduz direita que não quis se endireitar,verdadeiro,UOL Notícias,2026-05-24
Todos os bancos vão quebrar e perder todos os depósitos,falso,Agência Brasil,2022-07-29
"Partido da REDE, o novo hospedeiro do vírus ""petralha"", diz que quer cassação de Dilma.",falso,Fake.br-Corpus,2026-05-24
arroz de pato entrevistas e bola com pet os bastidores da campanha de roberto kalil para entrar na academia nacional de medicina,verdadeiro,O GLOBO,2026-05-24
trump enfrenta ameaça armada em menos de anos após tiroteio perto da casa branca,verdadeiro,InfoMoney,2026-05-24
empresas querem fgts pela metade e inss zerado para aderir ao fim da escala x,verdadeiro,A Tribuna,2026-05-24
Supremo rejeita pedido de habeas corpus,verdadeiro,Fato ou Fake,2020-08-14
STF aprova medida cautelar em processo político,verdadeiro,Fato ou Fake,2024-08-21
pmal contabiliza quase quilos de drogas e armas de fogo apreendidos em uma semana,verdadeiro,Tribuna Independente,2026-05-24
Investimento em energia cresce,verdadeiro,Agência Brasil,2024-07-15
dia do vestibulando dicas para se preparar para o enem e vestibulares,verdadeiro,CNN Brasil,2026-05-24
Governo vai substituir real por criptomoeda obrigatória,falso,TSE,2025-09-11
família que achou petróleo no ceará segue sem compensação financeira,verdadeiro,TNH1,2026-05-24
"Anonymous alerta o governo: ""Não se atrevam a mexer na internet ou iremos mostrar quem manda"".",falso,Fake.br-Corpus,2026-05-24
entrou na pilha do pt,verdadeiro,Metrópoles,2026-05-24
"João Dória está deixando o PSDB, saiba qual será o novo partido.",falso,Fake.br-Corpus,2026-05-24
com auxílio de bancários quadrilha desviou r milhões de clientes em mg,verdadeiro,Estado de Minas,2026-05-24
Mercado de renda variável cresce,verdadeiro,TSE,2025-02-20
"Professor Beluzzo fala ao senado e define Dilma: ""É um treinador que dá um nocaute em seu próprio lutador"". .",falso,Fake.br-Corpus,2026-05-24
a aposta do pt para eleger a dona do cofre do partido,verdadeiro,Metrópoles,2026-05-24
"Tragédia anunciada: Jornalista alerta que estádio do Corinthians pode desabar sobre avenida em SP. ""O estacionamento do estádio corre o risco de parar na Radial Leste"" publicou o jornalista Juca Kfouri.",falso,Fake.br-Corpus,2026-05-24
"Antes de morrer, ex-marido de Dilma desabafou: ""Se o Lula tivesse morrido, não teria havido impeachment"".",falso,Fake.br-Corpus,2026-05-24
Juiz federal Marcelo Bretas dá Xeque-Mate antológico e empareda Gilmar Mendes. .,falso,Fake.br-Corpus,2026-05-24
"""Senhor X"" é transferido para o ""Xilindró"" Bangu 9. .",falso,Fake.br-Corpus,2026-05-24
Fundos de investimento ampliam alocação em Brasil,verdadeiro,Aos Fatos,2023-05-29
Governo toma casas de cidadãos,falso,Fato ou Fake,2023-05-25
quanto tempo leva para desenvolver uma vacina em caso de novas pandemias,verdadeiro,Diário do Centro do Mundo,2026-05-24
estamos assistindo a política e a polícia riscarem o nome bolsonaro da urna para presidente,verdadeiro,Brasil 247,2026-05-24
Acreditem se quiser! Defesa de Lula admite crimes e pede prescrição da pena.,falso,Fake.br-Corpus,2026-05-24
pacto contra o feminicídio brasil propõe acordo ao mercosul,verdadeiro,G1,2026-05-24
"Suplicy agiu como uma criança mimada! Polícia Militar carregou o ""vovô"" com todo cuidado!.",falso,Fake.br-Corpus,2026-05-24
Vendas no comércio crescem,verdadeiro,Aos Fatos,2024-12-23
"Trump diz que conflito com a Coréia do Norte é praticamente inevitável: ""Será grande e catastrófico"". .",falso,Fake.br-Corpus,2026-05-24
"Ainda em recuperação, ""apóstolo"" Valdemiro Santiago pede ajuda para seus fieis: ""Preciso de R$ 8 milhões"".",falso,Fake.br-Corpus,2026-05-24
Pixuleco aparece no Guarujá e é capturado pelo japonês da Federal.,falso,Fake.br-Corpus,2026-05-24
como investir nos eua diretamente do brasil,verdadeiro,CNN Brasil,2026-05-24
reapresentação do nome de messias para o stf,verdadeiro,Consultor Jurídico,2026-05-24
estatais de petróleo devem acelerar transição energética aponta estudo,verdadeiro,Brasil 247,2026-05-24
viaturas da pm em uberaba terão starlink para reforçar patrulhamento na zona rural,verdadeiro,Jornal Da Manha,2026-05-24
Custo de vida multiplica por 10,falso,TSE,2021-12-23
"PMDB descamba de vez! Senador aliado de Temer desabafa: ""Governo corrupto e traidor"". .",falso,Fake.br-Corpus,2026-05-24
a seis dias do fim do prazo ainda não enviaram declaração do imposto de renda,verdadeiro,Meio Norte,2026-05-24
fux pede vista e adia decisão sobre piso da enfermagem,verdadeiro,Poder360,2026-05-24
partidos políticos de olho nos bilhões do fundo eleitoral,verdadeiro,Correio Braziliense,2026-05-24
Inflação de alimentos recua em maio,verdadeiro,Lupa,2023-02-23
casal paga apê vendido duas vezes e justiça manda devolver dinheiro,verdadeiro,G1,2026-05-24
Preços vão triplicar em 2026,falso,TSE,2025-03-20
caminhada marca manifesto contra corte de árvores na área do horto florestal em sapucaia do sul,verdadeiro,Correio Do Povo,2026-05-24
Congresso aprova venda de território,falso,TSE,2024-09-07
Captação de recursos bate recorde,verdadeiro,Fato ou Fake,2020-04-04
"PIB brasileiro cresce 2,5% no primeiro trimestre",verdadeiro,TSE,2025-08-12
campanha da cbf para torcida foi gravada em periferia do df,verdadeiro,Metrópoles,2026-05-24
datafolha dos eleitores de flávio defendem que ele siga na disputa mesmo após dark horse,verdadeiro,Tribuna Do Norte,2026-05-24
Presidente ordena censura de internet,falso,Agência Brasil,2024-09-04
Desemprego vai chegar a 100%,falso,Fato ou Fake,2022-03-02
Governo anuncia plano de segurança pública,verdadeiro,TSE,2022-07-14
Mercado de ações fecha,falso,TSE,2023-06-08
tenda de tratamento de ebola é incendiada novamente no congo e pacientes suspeitos fogem de centro de saúde,verdadeiro,G1,2026-05-24
vídeo rússia usa supermíssil contra ucrânia,verdadeiro,Folha de S.Paulo,2026-05-24
Governo faz pacto com criminosos,falso,TSE,2025-09-14
entenda a restrição da ue sobre antimicrobianos,verdadeiro,CNN Brasil,2026-05-24
Lewandoswski manda soltar membro do PCC acusado de comandar ataque a batalhão da PM.,falso,Fake.br-Corpus,2026-05-24
"A farra não para! Senado vai gastar R$ 50 mil para comprar xícaras com ""frisos dourados"".",falso,Fake.br-Corpus,2026-05-24
paternalismo do governo com fgts limita acesso a crédito barato,verdadeiro,Gazeta do Povo,2026-05-24
entrevista quem tem incumbência de desenvolver política de segurança não pode ser insensível aos apelos da população diz ministro da justiça,verdadeiro,O GLOBO,2026-05-24
baixas temperaturas surpreendem brasilienses neste fim de semana,verdadeiro,Correio Braziliense,2026-05-24
Dilma já caiu? Não! Mas o dente de Renan Calheiros sim! Senador perde dente durante entrevista.,falso,Fake.br-Corpus,2026-05-24
dólar sobe na sessão mas fecha semana com queda acumulada de,verdadeiro,UOL Economia,2026-05-24
Câmbio fecha estável,verdadeiro,Aos Fatos,2022-12-14
análise portugal endurece lei para cidadania mas não se compara aos eua,verdadeiro,CNN Brasil,2026-05-24
"O governo federal anunciou a criação de um subsídio de R$ 1,20 por litro para o diesel importado, visando conter a alta dos combustíveis. A medida, que terá um custo estimado de R$ 3 bilhões, foi articulada pelo novo ministro da Fazenda, Dario Durigan, em conjunto com os estados para evitar repasses ao consumidor final.",verdadeiro,Agência Brasil,2026-06-12
irmã de deolane diz que influenciadora é perseguida por ter apoiado lula,verdadeiro,Notícias da TV,2026-05-24
como ataque inédito de harpia alerta para risco de desmatamento,verdadeiro,UOL,2026-05-24
copa do mundo veja como chega a frança uma das favoritas ao título,verdadeiro,Correio Do Povo,2026-05-24
Congresso aprova confisco de imóveis,falso,Agência Brasil,2020-04-27
Presidente assina decreto de proteção ambiental,verdadeiro,TSE,2022-07-09
Real é abolido,falso,Agência Brasil,2024-04-13
serviço secreto dos eua mata homem que abriu fogo perto da casa branca,verdadeiro,Correio Do Povo,2026-05-24
"Rússia entra na briga contra o Estado Islâmico e Putin avisa: "" Vamos castigar esses criminosos "". .",falso,Fake.br-Corpus,2026-05-24
Cena patética! Colocaram Lula dentro de um fusquinha para aparentar humildade.,falso,Fake.br-Corpus,2026-05-24
dark horse pelo menos locais se recusaram a aparecer em filme sobre jair bolsonaro,verdadeiro,"O Estado de S. Paulo,",2026-05-24
semana do agro entenda as críticas do governo e de ambientalistas a novo pacote de flexibilização em curso na câmara,verdadeiro,O GLOBO,2026-05-24
Presidente planeja golpe de estado,falso,Agência Brasil,2020-10-05
"Gilmar Mendes: ""Nomeação de Lula é uma barbárie, uma bizarrice, um momento caricato"".",falso,Fake.br-Corpus,2026-05-24
"Dólar fecha a semana em R$ 5,15",verdadeiro,TSE,2023-05-06
pressão por cpi do master vira guerra de narrativas no congresso sete iniciativas aguardam análise,verdadeiro,G1,2026-05-24
um a cada cinco veículos monitorados pela civitas no rio é clonado como a tecnologia ajuda autoridades a desvendarem crimes,verdadeiro,O GLOBO,2026-05-24
Ibovespa atinge novo recorde histórico,verdadeiro,TSE,2023-05-05
governo entrega máquinas agrícolas e amplia ações de sustentabilidade no maranhão,verdadeiro,Jornal Pequeno,2026-05-24
Lei confisca terras de agricultores,falso,Lupa,2023-07-27
Lista com mais de 200 candidatos que receberam doações da JBS.,falso,Fake.br-Corpus,2026-05-24
"Gleisi posta foto com Dilma no ""CIRCO da democracia"" e internauta mita: "" Agora sim.",falso,Fake.br-Corpus,2026-05-24
stf julga nesta semana recursos das big techs sobre regulação das redes,verdadeiro,CNN Brasil,2026-05-24
projeto que limita fiscalização do ibama contra desmatamento ilegal é aprovado na câmara,verdadeiro,Valor Econômico,2026-05-24
Moeda brasileira se valoriza,verdadeiro,Aos Fatos,2020-10-02
frigoríficos falham no controle do desmate no cerrado aponta radar verde,verdadeiro,CNN Brasil,2026-05-24
conversas de flávio com vorcaro têm efeito limitado no apoio à candidatura,verdadeiro,Gazeta do Povo,2026-05-24
Inflação ao consumidor recua,verdadeiro,Lupa,2025-09-19
Setor de papel e celulose cresce,verdadeiro,Agência Brasil,2020-01-16
minirreforma eleitoral aprovada na câmara tem resistência no senado,verdadeiro,Metrópoles,2026-05-24
URGENTE: Quebra-pau no plenário da Câmara agora! O povo se cansou e invadiu Brasília!.,falso,Fake.br-Corpus,2026-05-24
niterói abre terceiro edital do aluguel universitário em junho com mil vagas,verdadeiro,O GLOBO,2026-05-24
"Diogo Portugal dá ""conselho"" valioso para Lula: ""Viu o Eike? Corre e compra um diploma.",falso,Fake.br-Corpus,2026-05-24
"STF manda soltar ""homem da mala"". Edson Fachin, ministro do STF, mandou soltar o ex-deputado Rodrigo Rocha Loures.",falso,Fake.br-Corpus,2026-05-24
"ESCÂNDALO! Vaticano vai julgar cardeal que ""desviou"" verba de hospital infantil para reformar apto de 700m².",falso,Fake.br-Corpus,2026-05-24
"Gilmar Mendes é hostilizado na Europa: ""A gente pede pra Deus te levar para o inferno"".",falso,Fake.br-Corpus,2026-05-24
Indústria automotiva cresce,verdadeiro,Agência Brasil,2022-10-27
Consumo das famílias tem alta,verdadeiro,TSE,2020-03-11
Presidente autoriza injeção de rastreador em população,falso,Agência Brasil,2022-04-03
do churrasco à cerveja cesta da copa sobe mais que a inflação desde veja as altas,verdadeiro,Valor Investe,2026-05-24
Governo nacionaliza todas as casas,falso,Agência Brasil,2023-02-20
PT faz o Brasil passar vergonha diante do mundo.,falso,Fake.br-Corpus,2026-05-24
Bolsa é abolida,falso,Fato ou Fake,2020-03-20
Lei proíbe críticas ao governo,falso,Fato ou Fake,2022-06-13
Governo vai censurar internet e redes sociais,falso,TSE,2024-05-07
casa branca tentará interferir na eleição brasileira diz escritora anne applebaum,verdadeiro,O GLOBO,2026-05-24
Real vai desaparecer e ser substituído por moeda global,falso,Lupa,2024-10-13
Governo toma propriedades rurais,falso,Aos Fatos,2025-12-19
caiu em um golpe do pix veja como agir para recuperar seu dinheiro,verdadeiro,CNN Brasil,2026-05-24
Rússia ordena que mísseis nucleares sejam posicionados nas fronteiras da Europa.,falso,Fake.br-Corpus,2026-05-24
Governo anuncia novo programa de transferência de renda,verdadeiro,Fato ou Fake,2023-04-24
prefeito de buriticupu é afastado por suspeita de fraude na merenda escolar,verdadeiro,O Imparcial,2026-05-24
política nas universidades formação cidadã,verdadeiro,Poder360,2026-05-24
"(vídeo) Em SP, manifestante chega perto de Dilma e grita: ""Zica do inferno.",falso,Fake.br-Corpus,2026-05-24
Crescimento econômico acelera em segundo trimestre,verdadeiro,Aos Fatos,2021-10-07
Cerveró coloca fogo na política e delata 3 ex-presidentes da república.,falso,Fake.br-Corpus,2026-05-24
Governo lança programa de bolsas para pesquisadores,verdadeiro,Lupa,2025-06-16
saiba o que está na mesa com o julgamento da lei da ficha limpa,verdadeiro,CNN Brasil,2026-05-24
Presidente assina decreto para se tornar ditador,falso,Fato ou Fake,2020-07-11
causas e impactos no brasil,verdadeiro,Gazeta do Povo,2026-05-24
Governo implanta microchips em vacinas,falso,Fato ou Fake,2023-01-15
Homem é preso com um arsenal em Brasília.,falso,Fake.br-Corpus,2026-05-24
bolsonaro não adere aos livros nem para reduzir pena,verdadeiro,Brasil 247,2026-05-24
Preços aumentam exponencialmente,falso,Agência Brasil,2022-04-26
Bancos vão à falência,falso,Aos Fatos,2021-03-13
"PHA pede a prisão dos donos da Globo e diz que José Serra é o ""maior ladrão do Brasil"".",falso,Fake.br-Corpus,2026-05-24
patos são retirados de lago da prefeitura após mortes de aves,verdadeiro,Cruzeiro Do Sul,2026-05-24
"Bolsa de Valores sobe 1,5% em pregão",verdadeiro,TSE,2022-03-30
Sistema bancário brasileiro vai colapsar,falso,Lupa,2022-09-05
Governo proíbe propriedade de veículos,falso,Lupa,2021-06-06
bruno gagliasso brinca sobre surubão de noronha não me convidaram,verdadeiro,CNN Brasil,2026-05-24
o entrave oculto da transição energética brasileira,verdadeiro,Época NEGÓCIOS,2026-05-24
Todos perdem emprego,falso,Lupa,2020-01-06
"De acordo com Gilmar Mendes, Sérgio Moro e Deltan Dallagnol são ""cretinos que deliram"".",falso,Fake.br-Corpus,2026-05-24
gilmar vota para manter escolas cívicomilitares de tarcísio mas barra exaltação militar,verdadeiro,Diário do Centro do Mundo,2026-05-24
saberes milenares e ciência moderna dividem espaço na saúde,verdadeiro,Correio Braziliense,2026-05-24
"Que nojo! Assista esse vídeo e saiba como são feitas as famosas ""jujubinhas"".",falso,Fake.br-Corpus,2026-05-24
Captação de recursos cresce,verdadeiro,Lupa,2023-10-16
Presidente ordena vacinação com chip,falso,TSE,2024-07-10
fazendeiro é condenado a pagar r mil por desmatamento em reserva,verdadeiro,G1,2026-05-24
Lei da mordaça? Militares se rebelam contra Temer e são repreendidos pelo Alto Comando.,falso,Fake.br-Corpus,2026-05-24
Custo de vida vai aumentar 500%,falso,Aos Fatos,2021-02-18
"SBT paga R$ 3 mil por hora para você trabalhar em casa, veja como.",falso,Fake.br-Corpus,2026-05-24
"PROMOTOR: A Bancoop, comandada pelo tesoureiro do PT, era uma organização criminosa.",falso,Fake.br-Corpus,2026-05-24
"Economia tem crescimento de 2,2%",verdadeiro,Fato ou Fake,2022-05-31
Eleitorado brasileiro cresce em 2026,verdadeiro,Aos Fatos,2021-05-05
TSE aprova resolução sobre campanha,verdadeiro,Agência Brasil,2025-12-04
Congresso aprova lei para abolir a família tradicional,falso,Agência Brasil,2023-06-04
Bancos fecham permanentemente,falso,Fato ou Fake,2024-10-11
Inflação mensal atinge 50%,falso,Lupa,2022-05-17
"PT age na calada da noite: ""Agentes de Cuba estão sendo enviados para o Brasil como se fossem médicos"".",falso,Fake.br-Corpus,2026-05-24
"Aécio pediu R$ 2 milhões para Joesley e disse: ""A gente mata o entregador antes dele fazer a delação"". .",falso,Fake.br-Corpus,2026-05-24
Temer joga pesado e sugere que Janot recebeu milhões da JBS.,falso,Fake.br-Corpus,2026-05-24
Governo faz acordo com organizações criminosas,falso,Lupa,2022-10-28
gilmar mendes crise do master está na faria lima,verdadeiro,Folha de S.Paulo,2026-05-24
Representação feita na PGR poderá cassar os direitos políticos de Dilma e Jaques Wagner.,falso,Fake.br-Corpus,2026-05-24
Indústria farmacêutica cresce,verdadeiro,Fato ou Fake,2025-08-22
são pedro sp ganha parque que une arte meio ambiente e lazer,verdadeiro,Catraca Livre - Notícias,2026-05-24
em guerra com os eua irã muda concentração para o méxico durante a copa,verdadeiro,Gazeta Esportiva,2026-05-24
"Estão estancando a sangria da ""Lava-Jato"" bem debaixo do nosso nariz.",falso,Fake.br-Corpus,2026-05-24
Índice de preços ao produtor cai,verdadeiro,Lupa,2022-12-01
Tribunal Superior Eleitoral mantém resultado,verdadeiro,Aos Fatos,2024-04-21
O antagonista: Descoberto contrato de compra de imóvel de R$ 6 milhões no apto de Lula.,falso,Fake.br-Corpus,2026-05-24
Genro de Silvio Santos está na lista da Lava Jato.,falso,Fake.br-Corpus,2026-05-24
Governo confisca ouro de cidadãos,falso,Lupa,2025-01-24
Ibovespa ultrapassa 140 mil pontos,verdadeiro,TSE,2023-04-03
Há suspeitas de que Mantega sabia da Operação da PF e teria tentado se esconder no hospital Albert Einstein.,falso,Fake.br-Corpus,2026-05-24
STF ordena prisão de jornalistas críticos,falso,Lupa,2023-07-10
URGENTE: A Receita Federal iniciou nesta segunda-feira o monitoramento em tempo real de todas as transações via Pix através dos novos sistemas Harpia e T-Rex.,falso,Redes Sociais,2026-06-12
Congresso aprova lei de regulamentação das redes sociais,verdadeiro,Lupa,2023-01-17
ataque com bomba contra trem deixa mais de mortos no paquistão,verdadeiro,Estado de Minas,2026-05-24
Governo vende Brasil para China,falso,Fato ou Fake,2020-01-03
Governo censura redes sociais,falso,Lupa,2020-05-25
Delação da OAS promete desmoronar o cenário político brasileiro.,falso,Fake.br-Corpus,2026-05-24
Só peixe grande! Lista de Janot enviada ao STF já tem 16 nomes confirmados.,falso,Fake.br-Corpus,2026-05-24
"Funcionários de empresa alegam que ""espírito"" de colega falecido continua no escritório. .",falso,Fake.br-Corpus,2026-05-24
Governo vai proibir a religião no Brasil,falso,Aos Fatos,2021-11-29
caixa paga bolsa família a beneficiários com nis de final,verdadeiro,EBC,2026-05-24
"Renan parte pra guerra: ""Um juizeco de primeira instância não pode atentar contra os Poderes"".",falso,Fake.br-Corpus,2026-05-24
Câmara aprova lei para proibir carros particulares,falso,Fato ou Fake,2026-01-27
Emprego formal cresce 150 mil vagas,verdadeiro,Agência Brasil,2025-12-23
Consumo das famílias cresce em maio,verdadeiro,Aos Fatos,2024-02-08
"Delcídio abre o jogo: ""Desde o mensalão, o PMDB é o principal aliado do PT.",falso,Fake.br-Corpus,2026-05-24
bancada do pt acionará pgr contra mário frias por suspeita de rachadinha,verdadeiro,Brasil 247,2026-05-24
"Revista americana TIME faz lambança e coloca Joel Santana como ""preso da Lava-Jato"".",falso,Fake.br-Corpus,2026-05-24
"Após incendiar as ruas, Frente Brasil Popular diz que PM está reprimindo manifestações.",falso,Fake.br-Corpus,2026-05-24
Tribunal Superior valida resultado de julgamento,verdadeiro,TSE,2022-04-22
Câmara aprova lei de incentivo à agricultura familiar,verdadeiro,Lupa,2026-05-19
o mundo rico descobre o que brasil conhece há tempos estabilidade monetária não é algo permanente,verdadeiro,"O Estado de S. Paulo,",2026-05-24
ms sobe em ranking nacional de qualidade de vida e fica em no país,verdadeiro,Correio Do Estado,2026-05-24
"ANTES DE SAIR:Governo Dilma autorizou aumento de 237% em prestações do ""Minha casa, minha vida"".",falso,Fake.br-Corpus,2026-05-24
Desemprego atinge 60%,falso,TSE,2025-12-03
Setor de agronegócio bate recorde de exportações,verdadeiro,Agência Brasil,2022-03-14
Governo vai eliminar todos os empregos,falso,Lupa,2021-07-25
Mercado de trabalho cria vagas,verdadeiro,Lupa,2022-02-04
Jovem de 29 anos gasta milhares de dólares para ficar parecida com Angelina Jolie.,falso,Fake.br-Corpus,2026-05-24
"Ministro do TCU confirma: "" Vice-presidente não participou de pedaladas fiscais "".",falso,Fake.br-Corpus,2026-05-24
"Inflação acumulada no ano chega a 3,2%",verdadeiro,Fato ou Fake,2026-05-28
Decreto congela contas bancárias,falso,Agência Brasil,2022-01-09
homem é baleado em frente à residência no bairro clima bom,verdadeiro,Tribuna Independente,2026-05-24
aldo rebelo decide recorrer da expulsão e enfrentará joaquim barbosa na convenção do dc,verdadeiro,Brasil 247,2026-05-24
Investimento imobiliário cresce,verdadeiro,Aos Fatos,2023-01-08
Supremo Tribunal Federal julga ação sobre direitos constitucionais,verdadeiro,TSE,2024-03-13
Movimento Ovos na Cara é a versão atualizada do Movimento Cara Pintada.,falso,Fake.br-Corpus,2026-05-24
Lewandowski suspende a sessão do impeachment após baixaria de Lindbergh e Gleisi.,falso,Fake.br-Corpus,2026-05-24
"Casa Branca divulga documento em site oficial: ""Há chances de um asteroide colidir com a Terra e exterminar a vida"".",falso,Fake.br-Corpus,2026-05-24
"Mais um delator confirma que o presidente ""levou"" R$ 10 milhões da Odebrecht.",falso,Fake.br-Corpus,2026-05-24
"Frota não perdoa e detona Gleisi: ""E agora, quem é o bandido? Sua propineira profissional"".",falso,Fake.br-Corpus,2026-05-24
mp denuncia vizinhos por matar esquartejar e esconder corpo de corretora em florianópolis,verdadeiro,Terra,2026-05-24
milton cunha curte piscina com marido em hotel na amazônia,verdadeiro,CNN Brasil,2026-05-24
STF julga inconstitucional decreto anterior,verdadeiro,Aos Fatos,2021-01-16
"URGENTE: Pela segunda vez, PGR pede abertura de inquéritos contra Jucá, Sarney e Renan Calheiros.",falso,Fake.br-Corpus,2026-05-24
Presidente assume poder absoluto,falso,Lupa,2023-05-15
"A finesse da ex-primeira dama comentando sobre as manifestações: ""Eles que enfiem as panelas no c#"".",falso,Fake.br-Corpus,2026-05-24
Tribunal Superior Eleitoral valida voto,verdadeiro,TSE,2021-02-17
Setor de telecomunicações expande,verdadeiro,Lupa,2024-04-20
copa do mundo impulsiona vendas e aquece economia carioca,verdadeiro,O DIA,2026-05-24
Moeda brasileira tem melhor desempenho do mês,verdadeiro,Lupa,2021-05-30
"A casa caiu [ops ...] A cueca caiu! PGR denuncia deputado José Guimarães, aquele dos dólares na cueca.",falso,Fake.br-Corpus,2026-05-24
Petista é preso na Paulista. Ele esfaqueou o pato da Fiesp.,falso,Fake.br-Corpus,2026-05-24
exgarotopropaganda de empresa de vorcaro huck detona bolsa família a empresários,verdadeiro,Diário do Centro do Mundo,2026-05-24
Neto de Getúlio Vargas comete suicídio.,falso,Fake.br-Corpus,2026-05-24
espírito santo mais bônus do que ônus com a reforma tributária,verdadeiro,Jornal Folha Vitória,2026-05-24
Desemprego em massa,falso,Aos Fatos,2023-05-26
Coreia desafia o mundo e diz que vai testar mísseis semanalmente.,falso,Fake.br-Corpus,2026-05-24
"PGR mostra documentos que comprovam vida de luxo de Cunha e esposa: ""Lavaram US$ 1 mi de propina"".",falso,Fake.br-Corpus,2026-05-24
Governo congela depósitos bancários,falso,Lupa,2026-01-03
Bancos perdem depósitos,falso,Lupa,2020-05-19
Os principais beneficiários de repasses da Odebrecht e seus respectivos codinomes  Parte 3. .,falso,Fake.br-Corpus,2026-05-24
lula comenta agressão a operadora de caixa na bahia acabou a escravidão,verdadeiro,A Tarde,2026-05-24
Dilma: Vou voltar como senadora em 2018 Vocês vão ter que me engolir.,falso,Fake.br-Corpus,2026-05-24
Congresso aprova lei para abolir democracia,falso,TSE,2021-03-06
"PIB cresce 1,8% em relação ao trimestre anterior",verdadeiro,Aos Fatos,2021-06-18
Inflação de energia elétrica recua,verdadeiro,Agência Brasil,2020-05-07
"O PIB brasileiro registrou crescimento de 1,1% no primeiro trimestre de 2026 em relação ao final de 2025. No acumulado de 12 meses, a expansão chega a 2%. Analistas do mercado financeiro revisaram a projeção de crescimento anual para 1,91%, destacando a resiliência da atividade econômica apesar dos juros elevados.",verdadeiro,G1,2026-06-12
"Delegação da Bielorússia aumenta o coro das reclamações olímpicas: ""Local porco, insalubre e inabitável"".",falso,Fake.br-Corpus,2026-05-24
morre rosa maria hessel silveira professora e pesquisadora da ufrgs aos anos,verdadeiro,Zero Hora,2026-05-24
fux vota para manter presos pai e primo de vorcaro,verdadeiro,EBC,2026-05-24
"Delegado da PF se revolta com exposição no MAM: ""Mais uma safadeza disfarçada de arte"".",falso,Fake.br-Corpus,2026-05-24
"""Brasil, verás que um filho teu cospe no outro"". O deputado federal PSOL recebeu uma advertência do Conselho de Ética (kkk) da Câmara.",falso,Fake.br-Corpus,2026-05-24
"Cala a boca Galvão! Narrador da BBC se irrita e diz ao vivo: ""Só ele que está falando.",falso,Fake.br-Corpus,2026-05-24
"Quem fala demais... Durante discurso na sede do PT, Lula fica confuso e se autointitula ""criminoso"".",falso,Fake.br-Corpus,2026-05-24
Eleições municipais têm recorde de candidaturas,verdadeiro,Aos Fatos,2020-03-01
Ministro de Dilma é chamado de ladrão safado em restaurante.,falso,Fake.br-Corpus,2026-05-24
"O INTOCÁVEL: Porque o Presidente do Senado é o homem mais poderoso da política brasileira?. . (Jackson Freitas para o Diário do Brasil) Renan não liga se um juiz é de primeira, segunda ou última instância.",falso,Fake.br-Corpus,2026-05-24
homem que atirou contra agentes é morto perto da casa branca,verdadeiro,O Tempo,2026-05-24
"Hóspede cumprimenta Lula dentro de hotel: "" E aí ladrão ? "".",falso,Fake.br-Corpus,2026-05-24
"Em Fortaleza, homem sofre infarto andando de bicicleta e quase é atropelado por caminhão. .",falso,Fake.br-Corpus,2026-05-24
por que emprego já não garante popularidade,verdadeiro,Estado de Minas,2026-05-24
"Alerta da OMS: "" Situação é gravíssima.",falso,Fake.br-Corpus,2026-05-24
o governo vai confiscar o dinheiro do banco,falso,Aos Fatos,2026-05-16
Presidente ordena tomada de terras,falso,Fato ou Fake,2022-09-01
"Coreia do Norte divulga vídeo com ultimato: ""O homem senil (Trump) será controlado com FOGO"". ""Trump ignorou nossa existência e insultou a mim e meu país diante dos olhos do mundo."".",falso,Fake.br-Corpus,2026-05-24
Banco Central reduz juros pela terceira vez,verdadeiro,Lupa,2023-02-12
Ciro Gomes apoiando Dilma? Nada disso.,falso,Fake.br-Corpus,2026-05-24
"Em encontro com Temer no Sírio Libanês, Lula volta a atacar o STF: ""Corte acovardada"".",falso,Fake.br-Corpus,2026-05-24
"FHC: ""Dilma fez pacto com o demônio.",falso,Fake.br-Corpus,2026-05-24
Bolsa de Valores desaparece,falso,Agência Brasil,2021-03-28
Presidente faz acordo com criminosos,falso,Agência Brasil,2025-05-09
"Mais um registro do fascismo petista: Deputados ""black- blocs"" do PT quebram dez urnas no congresso. .",falso,Fake.br-Corpus,2026-05-24
"COPOM reduz taxa Selic em 0,5 ponto percentual",verdadeiro,TSE,2020-05-07
investigada no caso deolane movimentou milhões mas recebeu bolsa família,verdadeiro,UOL Notícias,2026-05-24
inteligência artificial ameaça a eleição de,verdadeiro,Tribuna Do Norte,2026-05-24
"Anonymous se irrita com internet limitada e divulga dados de Kassab: ""Uma demonstração do que podemos fazer"".",falso,Fake.br-Corpus,2026-05-24
sem jogos profissionais estádio municipal de juiz de fora vira alvo de debate sobre uso e manutenção do gramado,verdadeiro,Tribuna De Minas,2026-05-24
"Kim Jon-un posta vídeo pilotando avião e provoca Trump: ""Estou pronto para a guerra"".",falso,Fake.br-Corpus,2026-05-24
a arte salva professora encanta com desenhos impecáveis na lousa,verdadeiro,Correio Braziliense,2026-05-24
Governo vai abolir propriedade privada,falso,Fato ou Fake,2022-10-21
Presidente ordena fechamento do Congresso,falso,Agência Brasil,2023-02-18
Dólar cai para menor patamar em 6 meses,verdadeiro,Lupa,2021-05-17
indecisão fragmenta o pt em minas antes das eleições,verdadeiro,Brasil 247,2026-05-24
"Coreia do Norte confirma sucesso em 9o teste de míssil e promete enviar ""presente explosivo"" para Trump.",falso,Fake.br-Corpus,2026-05-24
Governo injeta rastreador em cidadãos,falso,Agência Brasil,2025-08-20
turistas rumo à copa devem estar alertas para vacina do sarampo,verdadeiro,EBC,2026-05-24
Facebook faz parceria com instituto de George Soros e vira rede social comunista.,falso,Fake.br-Corpus,2026-05-24
Bandidos atacam viatura do Sargento mais famoso do Brasil.,falso,Fake.br-Corpus,2026-05-24
Dólar vai chegar a R$ 20 até final de 2026,falso,TSE,2021-03-13
O deputado Lorenzoni está no senado.,falso,Fake.br-Corpus,2026-05-24
Presidente autoriza rastreamento via vacina,falso,Aos Fatos,2021-10-04
quadrilheiros de roraima conquistam bolsas de até e acesso a serviços de saúde em nova parceria educacional,verdadeiro,Folha De Boa Vista,2026-05-24
entenda o projeto que reduz em quase a floresta nacional do jamanxim criada para proteger áreas perto da br,verdadeiro,G1,2026-05-24
TSE anuncia resultado oficial de eleição,verdadeiro,Fato ou Fake,2024-03-19
TSE aprova novas regras para campanha eleitoral,verdadeiro,Fato ou Fake,2025-03-16
"Coronel da Força Nacional de Segurança abandona o cargo: ""Dilma não tem qualquer tipo de escrúpulo "".",falso,Fake.br-Corpus,2026-05-24
ebola hantavírus influenza a e mais quais os vírus mais perigosos hoje e como eles podem afetar sua rotina,verdadeiro,G1,2026-05-24
especial quem ama cuida semana terá casamento milionário falsa gravidez e guerra pela fortuna,verdadeiro,O Tempo,2026-05-24
Nós vamos estuprar os corruptos afirmam presos da Papuda.,falso,Fake.br-Corpus,2026-05-24
Supremo começa a receber enxurrada de ações contra a posse de Lula.,falso,Fake.br-Corpus,2026-05-24
Banco Central adota moeda mundial,falso,TSE,2021-04-05
joel da harpa reforça apoio à précandidatura de eduardo da fonte ao senado,verdadeiro,Folha De Pernambuco,2026-05-24
"COPOM aumenta taxa de juros em 0,25 ponto",verdadeiro,Lupa,2023-06-11
polícia acha repasse a deolane feito por dono de produtora de funk acusado de lavar dinheiro do pcc,verdadeiro,"O Estado de S. Paulo,",2026-05-24
Governo proíbe investimentos,falso,Fato ou Fake,2024-10-23
Três tesoureiros do PT presos por corrupção! Agora só falta o chefão!.,falso,Fake.br-Corpus,2026-05-24
the economist google está destronando a openai como rei da ia para o consumidor,verdadeiro,"O Estado de S. Paulo,",2026-05-24
O cerco se fecha! Indiciamento de Lula é só o primeiro de muitos outros que virão. .,falso,Fake.br-Corpus,2026-05-24
vacina britânica contra ebola pode ficar pronta para testes em meses,verdadeiro,G1,2026-05-24
"Físico americano diz que Kim Jong-un tem a arma mais poderosa do mundo: ""Não podemos subestimá-lo"".",falso,Fake.br-Corpus,2026-05-24
treino do psg antes da final da champions expõe tensão entre jogadores,verdadeiro,Futebol Interior,2026-05-24
Marcelo Resende tem apoio da nova namorada na luta contra o câncer. .,falso,Fake.br-Corpus,2026-05-24
Ministério autoriza injeção de rastreador,falso,Fato ou Fake,2020-11-12
Governo substitui real por crypto,falso,Aos Fatos,2025-01-08
"Corre-corre no Planalto. Gabinete de Dilma tem quebradeira de copos, jarras e cadeiras.",falso,Fake.br-Corpus,2026-05-24
Políticos do PSDB se calam após 4 senadores serem citados em gravação de Jucá.,falso,Fake.br-Corpus,2026-05-24
CONFIRMADO! Lombardi fará o papel de Sérgio Moro em longa-metragem.,falso,Fake.br-Corpus,2026-05-24
imposto de renda especialista explica o que acontece se você não entregar a declaração,verdadeiro,Jornal Folha Vitória,2026-05-24
"Taxa de desemprego cai para 7,5%",verdadeiro,TSE,2024-06-02
investidores estrangeiros retiram bilhões da bolsa brasileira,verdadeiro,Gazeta do Povo,2026-05-24
Governo fecha jornais críticos,falso,Fato ou Fake,2022-03-10
Parlamento aprova lei de proteção a dados pessoais,verdadeiro,Fato ou Fake,2020-10-26
Decreto estabelece regime ditatorial,falso,Aos Fatos,2024-03-23
"Maria ""Magistrada"" do Rosário anula decisão de juiz federal: ""Revogue-se imediatamente..."".",falso,Fake.br-Corpus,2026-05-24
cientistas descobrem erva que atrai mais os gatos,verdadeiro,UOL Notícias,2026-05-24
Governo proíbe família tradicional,falso,Lupa,2025-11-10
Avião com 97 passageiros faz pouso de emergência no aeroporto de Brasília.,falso,Fake.br-Corpus,2026-05-24
Geração de empregos acelera,verdadeiro,Fato ou Fake,2025-08-20
lula lidera disputa pelo eleitorado de centro aponta datafolha,verdadeiro,Brasil 247,2026-05-24
irã recruta crianças e treina civis para guerra contra eua,verdadeiro,Gazeta do Povo,2026-05-24
Decreto obriga vacinação com rastreador,falso,TSE,2022-03-28
incra notifica assentados no ac por parcelas atrasadas de crédito rural,verdadeiro,ac24horas,2026-05-24
STF confirma sentença de primeira instância,verdadeiro,Fato ou Fake,2022-02-12
Moeda brasileira fortalece,verdadeiro,Aos Fatos,2021-05-30
votações simbólicas e sem transparência dominam o congresso,verdadeiro,Brasil 247,2026-05-24
o grupo gremista está enxugando o choro dos seus próprios problemas,verdadeiro,Zero Hora,2026-05-24
STF mantém decisão sobre bloqueio de contas de investigados,verdadeiro,Fato ou Fake,2025-07-20
vídeo senador bolsonarista é desmentido ao vivo na cnn após fake news sobre lula,verdadeiro,Diário do Centro do Mundo,2026-05-24
Sérgio Moro pede 80 novas vagas nas cadeias de Curitiba. .,falso,Fake.br-Corpus,2026-05-24
"Diante da crise, Petrobras poderá promover mais uma rodada de demissões.",falso,Fake.br-Corpus,2026-05-24
"Homem que foi flagrado batendo na mãe de 84 anos: ""Ela me maltratou quando eu era criança"".",falso,Fake.br-Corpus,2026-05-24
Carmem Lucia arma que nenhum Brasileiro acredita mais nas instituições.,falso,Fake.br-Corpus,2026-05-24
"Marcelo Odebrecht confirma que Lula era o ""AMIGO"" nas planilhas: ""AMIGO foi beneficiário de R$ 8 milhões "".",falso,Fake.br-Corpus,2026-05-24
Governo coloca chip em vacinas,falso,Agência Brasil,2023-12-15
rio c debate habilidades humanas em risco acelerado pelo avanço tecnológico,verdadeiro,O GLOBO,2026-05-24
Mercado de ações tem recuperação,verdadeiro,Agência Brasil,2023-04-01
"""Justiça"" é denunciado por lavagem de dinheiro e corrupção passiva.",falso,Fake.br-Corpus,2026-05-24
"Vídeo de Paula Fernandes ""incorporando a pomba gira"" durante show bomba nas redes.",falso,Fake.br-Corpus,2026-05-24
FHC diz que Bolsonaro é modinha que acaba antes de 2018.,falso,Fake.br-Corpus,2026-05-24
"Pentágono diz que Guerra Mundial é inevitável e quase garantida: ""Será rápida e letal"". ""Um conflito em um futuro próximo será letal e rápido [...] e não conseguiremos cronometrá-lo"".",falso,Fake.br-Corpus,2026-05-24
Tribunal Superior Eleitoral abre prazo para registro,verdadeiro,TSE,2024-12-23
masp depois da meianoite tem clima de balada jovem no acervo,verdadeiro,Folha de S.Paulo,2026-05-24
"No Sul do país, manifestantes e policiais começam a se entender. .",falso,Fake.br-Corpus,2026-05-24
Filósofa petista entra em paranoía e diz que Sérgio Moro age a mando do FBI.,falso,Fake.br-Corpus,2026-05-24
"Quando a PF chegou ao Campo de Marte, um homem já havia levado as imagens da área de embarque. .",falso,Fake.br-Corpus,2026-05-24
Lula desembarca no RJ e é hostilizado pela população.,falso,Fake.br-Corpus,2026-05-24
tiroteio próximo à casa branca deixa um morto e um ferido,verdadeiro,UOL Notícias,2026-05-24
"Cortella alertou: ""Uma nação não pode admitir um presidente dessa natureza"". .",falso,Fake.br-Corpus,2026-05-24
Senadora debocha do povo ao saber que ministro mandou soltar seu marido suspeito de roubo.,falso,Fake.br-Corpus,2026-05-24
Bolsa de Valores vai desaparecer para sempre,falso,Fato ou Fake,2026-05-28
Ministro do STF determina prisão domiciliar para mulher presa por tráfico de drogas.,falso,Fake.br-Corpus,2026-05-24
rogério marinho vê capitalismo de compadrio no caso master,verdadeiro,Tribuna Do Norte,2026-05-24
Senado aprova reforma tributária com votação unânime,verdadeiro,TSE,2025-04-01
"Piloto se irrita com deputado: ""Se nós somos obrigados a passar por uma revista, imagina só um ""Zé Ruela"" desses"".",falso,Fake.br-Corpus,2026-05-24
alta do petróleo com guerra no irã faz putin ganhar tempo contra estagnação da economia russa,verdadeiro,"O Estado de S. Paulo,",2026-05-24
explosão no jaguaré sabesp e comgás firmam acordo após protesto de moradores,verdadeiro,Correio Do Povo,2026-05-24
Investimento em infraestrutura acelera,verdadeiro,Fato ou Fake,2022-10-12
três plantas que repelem formigas e que você pode ter no jardim a partir de hoje,verdadeiro,Catraca Livre - Notícias,2026-05-24
Índice de confiança cresce,verdadeiro,TSE,2020-12-10
"Caminhoneiros anunciam paralisação: ""Somos a única categoria que se posicionou contra os ladrões [...]"".",falso,Fake.br-Corpus,2026-05-24
pt aciona pgr contra mario frias por viagens sem aval e rachadinha,verdadeiro,Correio Braziliense,2026-05-24
sem acordo motoristas e cobradores de ônibus devem iniciar greve a partir de segunda,verdadeiro,O DIA,2026-05-24
salvador é definida como sede de congresso internacional sobre políticas públicas,verdadeiro,A Tarde,2026-05-24
Tiririca escreve carta de repúdio aos políticos da Odebrecht.,falso,Fake.br-Corpus,2026-05-24
"Rapper americana ataca o Brasil: ""Anormais de 3o mundo.",falso,Fake.br-Corpus,2026-05-24
Governo proíbe uso de real,falso,Lupa,2022-01-08
Terceira invasão do MST em menos de 24 horas.,falso,Fake.br-Corpus,2026-05-24
maternidade reformada pela prefeitura de niterói ampliou a capacidade e humanizou o atendimento,verdadeiro,O DIA,2026-05-24
Banco Central vai confiscar dinheiro em espécie,falso,Agência Brasil,2022-09-04
se você percebe borboletas pousando com frequência em seu jardim nós lhe contamos o que isso significa e por que é um bom sinal,verdadeiro,Catraca Livre - Notícias,2026-05-24
Mercado financeiro quebra,falso,Agência Brasil,2022-07-14
"Oposição faz novo alerta: ""Lula pode deixar o país.",falso,Fake.br-Corpus,2026-05-24
Estado Islâmico mata 135 e sequestra outros 400 civis. .,falso,Fake.br-Corpus,2026-05-24
Decreto confisca bens de opositores,falso,Agência Brasil,2025-08-05
Governo vai tomar propriedades,falso,Lupa,2020-02-17
Lula pode ter prisão decretada a qualquer momento.,falso,Fake.br-Corpus,2026-05-24
especialistas defendem resolução que apoia jovens vítimas de violência sexual,verdadeiro,Poder360,2026-05-24
análise santos começa bem mas sofre apagão no segundo tempo e perde pelo brasileiro,verdadeiro,Gazeta Esportiva,2026-05-24
Presidente autoriza confisco de renda,falso,Fato ou Fake,2020-04-26
mauá na usp pensando o futuro habitat sustentabilidade clima criações em d e você pode participar,verdadeiro,Diario Do Grande Abc,2026-05-24
"Varejo tem crescimento de 2,8%",verdadeiro,Agência Brasil,2021-08-04
Presidente assina lei para vacinar população com rastreador,falso,Aos Fatos,2022-07-06
"""Peladão"" do Museu de Arte Moderna deturpou e zombou da verdadeira obra de Lygia Clark. 2017  Eis que aparece um ""curador"" e um ""artista"" e denigrem a obra de Clark.",falso,Fake.br-Corpus,2026-05-24
Gleisi usa a tribuna para defender Sabatella e esquece do maridão denunciado por corrupção.,falso,Fake.br-Corpus,2026-05-24
justiça libera r bilhões do inss para aposentados e pensionistas,verdadeiro,Metrópoles,2026-05-24
Emprego em alta no Brasil,verdadeiro,Fato ou Fake,2024-05-09
horóscopo confira a previsão de hoje para seu signo,verdadeiro,Metrópoles,2026-05-24
prefeitura aciona rbtrans após ônibus pegar fogo e colocar passageiros em risco,verdadeiro,ac24horas,2026-05-24
"""Furacão Irma será a maior catástrofe já vista nos EUA"" diz Centro de Gerenciamento de Emergências. .",falso,Fake.br-Corpus,2026-05-24
"Semana começará pegando fogo: Jornalista diz que Aécio é a ""bola da vez"" na Lava-Jato.",falso,Fake.br-Corpus,2026-05-24
"Por 55 votos a 22, senado aprova afastamento da presidente Dilma.",falso,Fake.br-Corpus,2026-05-24
"Claudia Leitte se muda para os EUA e chama brasileiros de ""povo sem educação"". .",falso,Fake.br-Corpus,2026-05-24
beber cloro cura doenças graves,falso,Lupa,2026-05-16
"LEI ROUANET: Governo Dilma liberou R$ 1, 5 milhão para produzir filme sobre José Dirceu.",falso,Fake.br-Corpus,2026-05-24
Relator da cassação de Cunha relata que sofreu ameaças e Câmara pede reforço na segurança da família do deputado.,falso,Fake.br-Corpus,2026-05-24
justiça condena prefeitura por uso de foto de servidora em figurinhas de whatsapp,verdadeiro,Diário do Centro do Mundo,2026-05-24
Dilma vai continuar sufocando o brasileiro.,falso,Fake.br-Corpus,2026-05-24
em semana de juros globais pressionados dólar e bolsa tem leve queda,verdadeiro,O GLOBO,2026-05-24
Ministro do STF descobre escuta debaixo de sua mesa.,falso,Fake.br-Corpus,2026-05-24
o torcedor vendado que decidiu uma vaga nas eliminatórias da copa,verdadeiro,Diário do Centro do Mundo,2026-05-24
Coreia do Norte dispara míssil nuclear intercontinental.,falso,Fake.br-Corpus,2026-05-24
Taxa de juros cai para menor nível em 18 meses,verdadeiro,Aos Fatos,2022-10-26
Lei elimina moeda nacional,falso,Fato ou Fake,2023-05-01
arquivos para a justiça social,verdadeiro,Correio Braziliense,2026-05-24
"""Ministro da Fazenda quer acabar com os aposentados, mas recebe R$ 250 mil por mês"" diz senador.",falso,Fake.br-Corpus,2026-05-24
Governo lança plano de infraestrutura para o Nordeste,verdadeiro,TSE,2024-12-25
gaby amarantos celebra fase solteira os novinhos estão entregando tudo,verdadeiro,O GLOBO,2026-05-24
Governo confisca depósitos,falso,Aos Fatos,2022-07-19
sair à francesa de uma festa pode fazer bem à saúde mental entenda,verdadeiro,O GLOBO,2026-05-24
"Desemprego cai para 7,8% em maio de 2026",verdadeiro,Aos Fatos,2025-09-25
bolsonaro faz reunião com apoiadores,verdadeiro,CNN,2026-05-16
"Mantega sabia que seria preso e ""limpou"" sua conta corrente.",falso,Fake.br-Corpus,2026-05-24
"Associação Mundial de Psiquiatria  ""Cura gay"" pode causar depressão, suicídio, ansiedade e isolamento social.",falso,Fake.br-Corpus,2026-05-24
10 imagens que mostram porque Evaristo Costa é o rei das redes sociais.,falso,Fake.br-Corpus,2026-05-24
"Governo anuncia que, uma das piores e mais caras internet mundo, será limitada a partir deste semestre.",falso,Fake.br-Corpus,2026-05-24
Mãe abandona filho na escola e diz: Não quero mais esta desgraça.,falso,Fake.br-Corpus,2026-05-24
Presidente participa de conferência internacional,verdadeiro,Fato ou Fake,2024-08-22
imposto de renda os erros mais comuns de quem cai na malha fina,verdadeiro,CNN Brasil,2026-05-24
Taxa de desocupação chega a 75%,falso,Agência Brasil,2022-09-20
"Os principais beneficiários de repasses da Odebrecht e seus respectivos codinomes  Partes 4, 5 e 6. . *** CORRIGIDO *** BOTAFOGO Rodrigo Maia (DEM-RJ).",falso,Fake.br-Corpus,2026-05-24
masterchef brasil dá pontapé inicial em clima de copa e concorrente de curitiba,verdadeiro,Jornal Do Estado,2026-05-24
tinder das figurinhas saiba como funciona site criado por caxiense para facilitar troca de cromos da copa do mundo,verdadeiro,Zero Hora,2026-05-24
efêmeros mas eternos,verdadeiro,Folha de S.Paulo,2026-05-24
acordo com irã foi amplamente negociado e aguarda finalização,verdadeiro,Metrópoles,2026-05-24
"Cansado de ser assaltado, comerciante do Paraná se arma com espingarda calibre 12.",falso,Fake.br-Corpus,2026-05-24
"Tirando onda: ""Mesmo que eu perca na Câmara, não serei condenado pelo STF"".",falso,Fake.br-Corpus,2026-05-24
Startups brasileiras recebem US$ 500 milhões,verdadeiro,Agência Brasil,2023-04-13
o mito da neutralidade técnica,verdadeiro,Brasil 247,2026-05-24
Eles não desistem! Defesa de Lula protocola mais três habeas corpus agora à noite.,falso,Fake.br-Corpus,2026-05-24
fiuk surge em clima de romance com loira misteriosa e web especula ser ia foto reprodução,verdadeiro,Meio Norte,2026-05-24
Temer revela sua camuflada ideologia comunista.,falso,Fake.br-Corpus,2026-05-24
"Lula perde a noção do ridículo e ameaça: ""Daqui para a frente, vou processar todo mundo"". . ""O que fazem com meu filho é uma violência.",falso,Fake.br-Corpus,2026-05-24
Decreto ordena censura total,falso,TSE,2024-09-10
Governo injeta nanochips em população,falso,TSE,2021-07-25
AO VIVO: Sérgio Moro dando aula de direito para os senadores. .,falso,Fake.br-Corpus,2026-05-24
o idoso que descobriu estar morto ao usar cpf em farmácia,verdadeiro,G1,2026-05-24
Delação de Cerveró poderá ajudar na cassação da chapa de Dilma pelo TSE.,falso,Fake.br-Corpus,2026-05-24
gilmar diz que crise do banco master está na faria lima não no stf,verdadeiro,Brasil 247,2026-05-24
"Lacerda:""Arte não é crime. Aos estúpidos que não concordam comigo, vazem"".",falso,Fake.br-Corpus,2026-05-24
lula mencionou vontade grande de ajudar o rj diz governador,verdadeiro,Poder360,2026-05-24
Rede Social incomoda o Governo Federal.,falso,Fake.br-Corpus,2026-05-24
As 13 famílias que controlam a riqueza do planeta vão exterminar 20% da população até 2029. .,falso,Fake.br-Corpus,2026-05-24
pt escolhe deputado carlos veras para coordenar campanha de lula em pernambuco,verdadeiro,Diário de Pernambuco,2026-05-24
Senado aprova lei para tomar terras de fazendeiros,falso,Aos Fatos,2021-05-03
Arquivos do governo apontam que Dilma mentiu sobre encontro com Marcelo Odebrecht.,falso,Fake.br-Corpus,2026-05-24
"No gabinete, Dilma perde o controle emocional e xinga Delcídio: ""Mentiroso FDP! "".",falso,Fake.br-Corpus,2026-05-24
renovação moderação e honestidade o que o eleitor independente cobra de lula e flávio em,verdadeiro,Terra,2026-05-24
Câmara aprova lei de proteção ambiental,verdadeiro,Agência Brasil,2021-05-15
eua mentora de esquema de us mi é condenada a quase anos de prisão,verdadeiro,CNN Brasil,2026-05-24
Tribunal Eleitoral valida candidatura,verdadeiro,TSE,2022-07-08
Congresso aprova proibição de carros,falso,Agência Brasil,2024-09-29
"De acordo com o artigo 330 do cód. penal, Ministro Marco Aurélio pode mandar prender Renan por até 15 dias. .",falso,Fake.br-Corpus,2026-05-24
Movimentos pela volta da Monarquia crescem no Brasil.,falso,Fake.br-Corpus,2026-05-24
bombas em quem ama cuida casamento milionário falsa gravidez e guerra por herança viram a novela do avesso,verdadeiro,O Tempo,2026-05-24
Real deixa de existir,falso,Aos Fatos,2021-01-20
Decreto ordena implante de nanochip,falso,Lupa,2022-01-10
"Augusto Cury: ""Políticos acham que o povo deve se curvar perante eles.",falso,Fake.br-Corpus,2026-05-24
Indústria de tecnologia recebe investimento estrangeiro,verdadeiro,Agência Brasil,2024-01-13
der irá instalar radares inteligentes nas rodovias leia a tribuna de minas impressa deste domingo de maio,verdadeiro,Tribuna De Minas,2026-05-24
"""Se Trump nos atacar, vamos reduzir os EUA a cinzas"" diz Kim Jong-un. .",falso,Fake.br-Corpus,2026-05-24
Dólar recua frente ao real,verdadeiro,Agência Brasil,2022-12-19
piauí tem mais de mil famílias na fila de espera do bolsa família aponta estudo,verdadeiro,O DIA,2026-05-24
petróleo wti cai em mercado alternativo após trump aventar acordo com irã,verdadeiro,InfoMoney,2026-05-24
multa e risco de acidentes por que jamais levar pets soltos no carro,verdadeiro,Metrópoles,2026-05-24
câmara aprova pl que limita ação do ibama contra desmatamento,verdadeiro,O Tempo,2026-05-24
entre escândalos e baixo crescimento,verdadeiro,"O Estado de S. Paulo,",2026-05-24
a captura do congresso pelo embuste do bolsonarismo e pelo fisiologismo do centrão,verdadeiro,Brasil 247,2026-05-24
Governo fecha Congresso permanentemente,falso,Aos Fatos,2022-06-18
primeira trans a mudar nome em portugal reage à polêmica dos banheiros femininos no brasil,verdadeiro,O DIA,2026-05-24
ebola nova vacina pode ficar pronta para testes em alguns meses,verdadeiro,Olhar Digital,2026-05-24
saque fgts nascidos em março têm até de maio para resgatar o valor,verdadeiro,Estado de Minas,2026-05-24
"Banco Central mantém taxa de juros em 10,5% ao ano",verdadeiro,Agência Brasil,2020-12-26
Encontraram uma planilha da Odebrecht com pagamentos diretos para Lula.,falso,Fake.br-Corpus,2026-05-24
eua e irã negociam cessarfogo de dias para reabrir hormuz diz agência,verdadeiro,UOL Notícias,2026-05-24
Tirando onda! Caio Castro e Marco Luque simulam clima de romance em aeroporto do RJ.,falso,Fake.br-Corpus,2026-05-24
"Sociólogo americano diz que ""ALVO"" de Trump não é a Coreia e sim a China. .",falso,Fake.br-Corpus,2026-05-24
Economia sofre hiperinflação,falso,Agência Brasil,2024-07-15
Vídeo mostra ministro sendo hostilizado na saída do TSE.,falso,Fake.br-Corpus,2026-05-24
Setor de mineração retoma,verdadeiro,Lupa,2026-04-18
Lei aprova venda de território,falso,Aos Fatos,2024-09-02
Setor de turismo recupera níveis pré-pandemia,verdadeiro,Aos Fatos,2024-03-01
quem vai viajar para copa deve estar alerta para vacina do sarampo,verdadeiro,ac24horas,2026-05-24
Congresso aprova lei de infraestrutura,verdadeiro,Aos Fatos,2024-05-04
Banco Central intervém no mercado de câmbio,verdadeiro,Aos Fatos,2025-08-22
Começou a baderna! Apoiadores de Lula são pegos com facões e foices em Curitiba.,falso,Fake.br-Corpus,2026-05-24
Mercado imobiliário tem recuperação em grandes cidades,verdadeiro,Fato ou Fake,2024-10-05
Quanto custa um pedido de impeachment? Autora do parecer declara que recebeu R$ 45 mil do PSDB.,falso,Fake.br-Corpus,2026-05-24
"Militantes do PT se revoltam em Porto Alegre: ""Não pagaram a gente e roubaram até o recheio do pão"".",falso,Fake.br-Corpus,2026-05-24
Decreto estabelece moeda única,falso,TSE,2024-04-15
Temer diz que tomará medidas impopulares.,falso,Fake.br-Corpus,2026-05-24
Governo vai confiscar todas as poupanças acima de R$ 10 mil,falso,Aos Fatos,2022-02-27
"Dilma e a árvore  parte 2. Dilma continua o discurso da árvore:. ""Você corta a árvore da democracia com um machado [...] a árvore tem fungos!"" A partir do momento que tudo é possível [...] tudo passa a ser possível!"" disse Dilma.",falso,Fake.br-Corpus,2026-05-24
"Deputado do PT não sabia que estava sendo filmado e confessou: ""Dilma usou os Correios na campanha de 2014"". .",falso,Fake.br-Corpus,2026-05-24
"Baixou a Dilma no homem: ""Temos que apoiar a Reforma da Previdência.",falso,Fake.br-Corpus,2026-05-24
lula não tem moral para dar lição sobre combate ao crime diz ruas,verdadeiro,Metrópoles,2026-05-24
perto da eleição lula tenta se apresentar como inimigo do crime,verdadeiro,Gazeta do Povo,2026-05-24
Presidente visita estados afetados por calamidade,verdadeiro,TSE,2020-03-23
"""Lucro do Facebook é baseado em falsos engajamentos"" diz especialista.",falso,Fake.br-Corpus,2026-05-24
na reta final ainda não enviaram declaração do imposto de renda,verdadeiro,Folha De Pernambuco,2026-05-24
inventário extrajudicial cresce em possibilidades entenda procedimento e veja novidades,verdadeiro,EXTRA,2026-05-24
Economia brasileira retoma ritmo de expansão,verdadeiro,TSE,2025-05-26
Armada liderada pelo porta-aviões USS Carl Vinson entra em águas norte-coreanas. .,falso,Fake.br-Corpus,2026-05-24
"Quando o escândalo do BNDES vier à tona, a Lava-Jato vai parecer coisa de trombadinha.",falso,Fake.br-Corpus,2026-05-24
Banco Central mantém Selic estável,verdadeiro,Fato ou Fake,2024-02-10
Câmara dos Deputados aprova orçamento de 2027,verdadeiro,TSE,2026-02-08
Presidente se torna ditador,falso,TSE,2025-02-25
"O mercado financeiro elevou a previsão para o IPCA de 5,09% para 5,11% em 2026, marcando a 13ª semana consecutiva de alta. A pressão decorre da guerra no Oriente Médio, que impacta os preços dos combustíveis. O Banco Central mantém a Selic em 14,5% ao ano, mas o mercado já projeta cortes menores devido à persistência inflacionária.",verdadeiro,Agência Brasil,2026-06-12
"INDEPENDENT: Rússia ordena que Força Aérea se prepare para ""tempos de guerra"".",falso,Fake.br-Corpus,2026-05-24
Mercado de ações vai colapsar em 2026,falso,Aos Fatos,2024-01-14
eleição de grêmios escolares mobiliza estudantes da rede pública municipal,verdadeiro,Tribuna Independente,2026-05-24
paz começa a amarelar de forma silenciosa quando o excesso de água se acumula nas raízes e os sinais costumam aparecer tarde demais,verdadeiro,Jornal Folha Vitória,2026-05-24
"Rússia projeta avião indestrutível para o ""JUÍZO FINAL"".",falso,Fake.br-Corpus,2026-05-24
Partido Militar poderá lançar Coronel Telhada à Prefeitura de São Paulo.,falso,Fake.br-Corpus,2026-05-24
Supremo Tribunal Federal valida lei aprovada pelo Congresso,verdadeiro,Agência Brasil,2020-12-07
como restrições no fgts afetam o crédito e o endividamento,verdadeiro,Gazeta do Povo,2026-05-24
IPCA fica dentro da meta,verdadeiro,Agência Brasil,2023-07-22
Banco Central projeta queda de juros,verdadeiro,TSE,2020-12-23
Combater o Aedes aegypti ? Claro que não.,falso,Fake.br-Corpus,2026-05-24
"No dia da corrida fatal, médico da F1 disse: ""Desista Senna, eu me aposento com você"".",falso,Fake.br-Corpus,2026-05-24
dólar avança no dia mas acumula queda na semana,verdadeiro,Brasil 247,2026-05-24
"As ameaças do Presidente da CUT : ""Quem manda somos nós...vamos nos livrar do Sérgio Moro"".",falso,Fake.br-Corpus,2026-05-24
Hiperinflação destroi economia,falso,Agência Brasil,2023-11-10
Governo proíbe bolsa de valores,falso,Agência Brasil,2024-06-05
Inflação atinge 150%,falso,Agência Brasil,2020-10-07
Juiz Sérgio Moro divulga nota contra a ANISTIA DO CAIXA 2.,falso,Fake.br-Corpus,2026-05-24
Dória foi a primeira autoridade do Brasil a ser recebida por um príncipe de Abu Dhabi.,falso,Fake.br-Corpus,2026-05-24
especialista agência com diretoria indicada por lula regulará digital,verdadeiro,CNN Brasil,2026-05-24
podolski se despede dos gramados antes de assumir comando de clube polonês,verdadeiro,CNN Brasil,2026-05-24
filho do gaúcho da copa irá ao mundial para manter legado do pai,verdadeiro,G1,2026-05-24
"Mais um grampo! Senador do PT é flagrado chamando Sérgio Moro e delegados da PF de ""bandidos"".",falso,Fake.br-Corpus,2026-05-24
Preços aumentam 300%,falso,Agência Brasil,2022-10-31
Consumo tem aceleração,verdadeiro,TSE,2021-04-05
Presidente ordena fechamento de jornais,falso,Agência Brasil,2025-11-11
O Michel não está conseguindo estancar a sangria da Lava-Jato! Renan está desesperado. .,falso,Fake.br-Corpus,2026-05-24
prefeitura inicia obras de ecoponto com arte urbana na vila cruzeiro no complexo da penha,verdadeiro,O DIA,2026-05-24
Emprego no setor privado cresce,verdadeiro,Agência Brasil,2020-08-10
"Ciro Gomes: "" Lula mistura política com dinheiro.",falso,Fake.br-Corpus,2026-05-24
Bancos fecham suas portas,falso,TSE,2022-03-17
PIB trimestral fecha em alta,verdadeiro,Agência Brasil,2022-02-17
Ibovespa fecha acima de 135 mil pontos,verdadeiro,Fato ou Fake,2023-09-08
beto louco fecha delação sobre fraude fiscal na bahia,verdadeiro,Poder360,2026-05-24
Lula quer abolir eleições e virar ditador,falso,Agência Brasil,2025-02-23
Banco Central confisca dinheiro,falso,Lupa,2020-01-06
Índice de preços tem queda,verdadeiro,TSE,2025-12-03
"A deselegância de Zezé: ""Passar a mulher da gente pra trás é fácil, difícil é passar para frente"". .",falso,Fake.br-Corpus,2026-05-24
Decreto confisca terras,falso,Fato ou Fake,2021-08-24
anos das urnas e o voto em disputa,verdadeiro,Poder360,2026-05-24
João Doria bate boca com FHC. Tucanos em guerra.,falso,Fake.br-Corpus,2026-05-24
políca recupera duas urnas com cinzas de cahorros que foram levadas por bandidos armados de fuzis e pistolas,verdadeiro,EXTRA,2026-05-24
"Barroso: ""Criamos uma sociedade cheia de ricos delinquentes.",falso,Fake.br-Corpus,2026-05-24
beleza com segurança,verdadeiro,Cruzeiro Do Sul,2026-05-24
Delator conta que sofreu pressão para ajudar o filho do ex-presidente.,falso,Fake.br-Corpus,2026-05-24
Decreto ordena censura de mídia,falso,Agência Brasil,2025-08-16
pf indicia suplente de alcolumbre em investigação que apura fraude no dnit,verdadeiro,Brasil 247,2026-05-24
"O dia em que o ""muso"" do FORA TEMER expulsou uma repórter que o questionou sobre a Lei Rouanet.",falso,Fake.br-Corpus,2026-05-24
desenrola saiba como usar o fgts para limpar o nome e conseguir descontos de até,verdadeiro,Correio,2026-05-24
Ataque aéreo! Ministro da defesa pode ter contraído o Zika Virus.,falso,Fake.br-Corpus,2026-05-24
O governo federal vai confiscar a poupança de quem tiver mais de R$ 50 mil investidos a partir de julho de 2026.,falso,Redes Sociais,2026-06-12
Aécio Neves mostra sua verdadeira face.,falso,Fake.br-Corpus,2026-05-24
Banco Central vai eliminar o real e adotar moeda única mundial,falso,Agência Brasil,2021-07-04
"O Antagonista: ""Apartamento funcional não pode ser esconderijo de pilantra sem foro"".",falso,Fake.br-Corpus,2026-05-24
A PF trabalha arduamente e investiga.,falso,Fake.br-Corpus,2026-05-24
alerta sobre links falsos do concurso da prefeitura de campina grande,verdadeiro,Paraíba Online,2026-05-24
fux antecipa voto e stf tem placar de a para manter prisões de pai e primo de vorcaro,verdadeiro,Tribuna Do Norte,2026-05-24
a fruta amazônica que tem cor de sol e sabor de creme de leite com manga,verdadeiro,Catraca Livre - Notícias,2026-05-24
colonoscopia é só sucesso,verdadeiro,ac24horas,2026-05-24
Parlamento aprova lei de educação,verdadeiro,Lupa,2021-04-25
as contradições do psd nas eleições pelo brasil,verdadeiro,Gazeta do Povo,2026-05-24
relação política perdeu civilidade diz lula sobre fake news,verdadeiro,Correio Braziliense,2026-05-24
"Áudio de ministro sugere que Dilma foi vítima de um golpe para ""frear"" a Lava-Jato. .",falso,Fake.br-Corpus,2026-05-24
Cadê o Lula? PF chega para reforçar segurança no senado e ex-presidente dá um pinote!.,falso,Fake.br-Corpus,2026-05-24
Congresso aprova lei para confiscar casas de cidadãos,falso,Aos Fatos,2023-03-26
Decreto toma propriedades de cidadãos,falso,Lupa,2026-01-17
Governo anuncia programa de habitação,verdadeiro,Agência Brasil,2024-04-29
afetado por turismo povo tradicional de noronha pede reconhecimento,verdadeiro,UOL Notícias,2026-05-24
Taxa de desemprego atinge 90%,falso,Agência Brasil,2023-03-12
Desemprego entre jovens recua significativamente,verdadeiro,Aos Fatos,2023-01-16
"Após ataque à Síria, governo russo promete ""consequências negativas"" aos EUA.",falso,Fake.br-Corpus,2026-05-24
Lei obriga implante de microchip,falso,Fato ou Fake,2023-12-21
Setor privado gera mais empregos que esperado,verdadeiro,Lupa,2023-07-06
"Ex-ministro da Justiça foi tirar satisfação com Janot e quebrou a cara: ""O Lula é bandido, como todos os outros."".",falso,Fake.br-Corpus,2026-05-24
homem vai à farmácia descobre que está morto e leva quase anos para ressuscitar entenda,verdadeiro,Diário do Centro do Mundo,2026-05-24
para os três fontes de proteína de alta qualidade fáceis de incluir na dieta,verdadeiro,O GLOBO,2026-05-24
Presidente inaugura obra de infraestrutura,verdadeiro,Aos Fatos,2021-01-12
"Josias de Souza: ""Lula trafega em um terreno movediço fingindo que nada foi descoberto contra ele"".",falso,Fake.br-Corpus,2026-05-24
Desemprego atinge menor patamar,verdadeiro,Agência Brasil,2024-07-27
lamachia não podemos resgatar a credibilidade do stf sem que o inquérito seja encerrado,verdadeiro,Correio Do Povo,2026-05-24
Mercado de trabalho tem recuperação,verdadeiro,Fato ou Fake,2024-08-22
tiros na casa branca levam serviço secreto a isolar área em washington,verdadeiro,Diaro Da Manha,2026-05-24
"Quebra-cabeça da corrupção está quase pronto! Prisão da ""alma mais honesta do país"" pode ser imediata.",falso,Fake.br-Corpus,2026-05-24
Decreto autoriza entrega de terras,falso,TSE,2026-04-09
Governo ordena proibição de propriedade,falso,Lupa,2021-12-09
eleições em mg o que dizem pesquisas para governo e senado,verdadeiro,Metrópoles,2026-05-24
Governo lança programa de emprego,verdadeiro,Agência Brasil,2024-01-31
Eduardo Bolsonaro pode ir para cadeia.,falso,Fake.br-Corpus,2026-05-24
bolsonaro preso,falso,Google API,2026-06-18,98.0
